Workbook

Sheet Anual
B2: 2022
B4: Enero | C4: Febrero | D4: Marzo | E4: Abril | F4: Mayo | G4: Junio | H4: Julio | I4: Agosto | J4: Septiembre | K4: Octubre | L4: Noviembre | M4: Diciembre
A5: Ahorros | B5: =1399 -> 1399 | C5: =B21 -> 1535.72 | D5: =C21 -> 1664.59 | E5: =D21 -> 1723 | F5: =Abril!AF4 -> 1709.64 | G5: =Junio!AF4 -> 875.68 | H5: =Junio!AF4 -> 875.68 | I5: =Agosto!AF4 -> 690.6 | J5: =Septiembre!AF4 -> 737.55 | K5: =J21 -> 808.06 | L5: =K21 -> 950.74 | M5: =L21 -> 950.74
A6: Banca | B6: 73.13 | C6: =Febrero!AE7 -> 65.29 | D6: =Marzo!AH7 -> 71.25 | E6: =Abril!AG7 -> 219.99 | F6: =Mayo!AH7 -> 220.79 | G6: =Junio!AG7 -> 565.94 | H6: =Julio!AF3 -> 70.39 | I6: =Agosto!AG3 -> 107.46 | J6: =Septiembre!AG7 -> 187 | K6: =Octubre!AH7 -> 124.49 | N6: =SUM(B6:M6) -> 1705.73
A7: Efectivo | B7: =16+50.27+9.99+15+110 -> 201.26 | C7: =Febrero!AE8 -> 190 | D7: =Marzo!AH8 -> 202 | E7: =Abril!AG8 -> 120 | F7: =Mayo!AH8 -> 315 | G7: =Junio!AG8 -> 45 | H7: =Julio!AH8 -> 200 | I7: =Agosto!AH8 -> -300 | J7: =Septiembre!AG8 -> 43 | K7: =Octubre!AH8 -> 150 | N7: =SUM(B7:M7) -> 1166.26
A8: Regalo | B8: =50+30+20 -> 100 | C8: =Febrero!AE9 -> 200 | D8: =Marzo!AH9 -> 40 | E8: =Abril!AG9 -> 150 | F8: =Mayo!AH9 -> 20 | G8: =Junio!AG9 -> 0 | H8: =Julio!AH9 -> 0 | I8: =Agosto!AH9 -> 370 | J8: =Septiembre!AG9 -> 0 | K8: =Octubre!AH9 -> 0 | N8: =SUM(B8:M8) -> 880
A9: Total Ingresos | B9: =SUM(B6:B8) -> 374.39 | C9: =SUM(C6:C8) -> 455.29 | D9: =SUM(D7:D8) -> 242 | E9: =SUM(E6:E8) -> 489.99 | F9: =Mayo!AH12 -> 335 | G9: =SUM(G6:G8) -> 610.94 | H9: =SUM(H6:H8) -> 270.39 | I9: =SUM(I6:I8) -> 177.46 | J9: =SUM(J6:J8) -> 230 | K9: =SUM(K6:K8) -> 274.49 | L9: =SUM(L6:L8) -> 0 | M9: =SUM(M6:M8) -> 0 | N9: =SUM(B9:M9) -> 3459.95
A10: TOTAL | B10: =B5+B7+B8 -> 1700.26 | C10: =C5+C6+C7+C8 -> 1991.01 | D10: =D5+D6+D9 -> 1977.84 | E10: =E5+E6+E7+E8 -> 2212.99 | F10: =F5+F6+F7+F8 -> 2265.43 | G10: =G5+G6+G7+G8 -> 1486.62 | H10: =H5+H6+H7+H8 -> 1146.07 | I10: =I5+I6+I7+I8 -> 868.06 | J10: =J5+J6+J7+J8 -> 967.55 | K10: =K5+K6+K7+K8 -> 1082.55 | L10: =L5+L6+L7+L8 -> 950.74 | M10: =M5+M6+M7+M8 -> 950.74
A12: Salud | B12: 0 | C12: =Febrero!AE21 -> 1.59 | D12: =Marzo!AH21 -> 80 | E12: =Abril!AG21 -> 80 | F12: =Mayo!AH21 -> 22.8 | G12: =Junio!AG21 -> 17.64 | H12: =Julio!AH21 -> 0 | I12: =Agosto!AH21 -> 10 | J12: =Septiembre!AG21 -> 10.4 | K12: =Octubre!AH21 -> 0 | N12: =SUM(B12:M12) -> 222.43
A13: Gasto Bus | B13: =11*B28 -> 8.14 | C13: =Febrero!AE19 -> 1.48 | D13: =Marzo!AH19 -> 28.14 | E13: =Abril!AG19 -> 10 | F13: =Mayo!AH19 -> 12.4 | G13: =Junio!AG19 -> 10 | H13: =Julio!AH19 -> 0 | I13: =Agosto!AH19 -> 0 | J13: =Septiembre!AG19 -> 2.5 | K13: =Octubre!AH19 -> 0 | N13: =SUM(B13:M13) -> 72.66
A14: Gasto Tren | B14: 0 | C14: =Febrero!AE15 -> 29.45 | D14: =Marzo!AH15 -> 18.3 | E14: =Abril!AG15 -> 59.25 | F14: =Mayo!AH15 -> 33.15 | G14: =Junio!AG15 -> 18.3 | H14: =Julio!AH15 -> 19.7 | I14: =Agosto!AH15 -> 0 | J14: =Septiembre!AG15 -> 28.4 | K14: =Octubre!AH15 -> 6.1 | N14: =SUM(B14:M14) -> 212.65
A15: Comida | B15: =6.22+7.5+(12*1.2) -> 28.12 | C15: =Febrero!AE14 -> 18.4 | D15: =Marzo!AH14 -> 40.67 | E15: =Abril!AG14 -> 116.63 | F15: =Mayo!AH14 -> 139.4 | G15: =Junio!AG14 -> 9.73 | H15: =Julio!AH14 -> 61.1 | I15: =Agosto!AH14 -> 18.45 | J15: =Septiembre!AG14 -> 20.05 | K15: =Octubre!AH14 -> 56.23 | N15: =SUM(B15:M15) -> 508.78
A16: Tecnología | B16: 0 | C16: =Febrero!AE18 -> 0 | D16: =Marzo!AH18 -> 0 | E16: =Abril!AG18 -> 2.5 | F16: =Mayo!AH18 -> 0 | G16: =Junio!AG18 -> 0 | H16: =Julio!AH18 -> 40 | I16: =Agosto!AH18 -> 0 | J16: =Septiembre!AG18 -> 24.34 | K16: =Octubre!AH18 -> 4.4 | N16: =SUM(B16:M16) -> 71.24
A17: Ropa | B17: =15.98+33.9+19.14+13.07+9.99 -> 92.08 | C17: =Febrero!AE16 -> 192.5 | D17: =Marzo!AH16 -> 12.23 | E17: =Abril!AG16 -> 99.97 | F17: =Mayo!AH16 -> 63.54 | G17: =Junio!AG16 -> 35.99 | H17: =Julio!AH16 -> 0 | I17: =Agosto!AH16 -> 25.45 | J17: =Septiembre!AG16 -> 16.5 | K17: =Octubre!AH16 -> 65.08 | N17: =SUM(B17:M17) -> 603.34
A18: Entretenimiento | B18: 36.2 | C18: =Febrero!AE17 -> 83 | D18: =Marzo!AH17 -> 25.2 | E18: =Abril!AG17 -> 24.2 | F18: =Mayo!AH17 -> 152.02 | G18: =Junio!AG17 -> 166.15 | H18: =Julio!AH17 -> 62.4 | I18: =Agosto!AH17 -> 60.9 | J18: =Septiembre!AG17 -> 57.3 | K18: =Octubre!AH17 -> 0 | N18: =SUM(B18:M18) -> 667.37
A19: Coche | B19: 0 | C19: =Febrero!AE20 -> 0 | D19: =Marzo!AH20 -> 25 | E19: =Abril!AG20 -> 175.59 | F19: =Mayo!AH20 -> 500 | G19: =Junio!AG20 -> 20 | H19: =Julio!AH20 -> 0 | I19: =Agosto!AH20 -> 0 | J19: =Septiembre!AG20 -> 0 | K19: =Octubre!AH20 -> 0 | N19: =SUM(B19:M19) -> 720.59
A20: TOTAL | B20: =SUM(B12:B19) -> 164.54 | C20: =SUM(C12:C18) -> 326.42 | D20: =SUM(D12:D19) -> 229.54 | E20: =SUM(E12:E19) -> 568.14 | F20: =SUM(F12:F19) -> 923.31 | G20: =SUM(G12:G19) -> 277.81 | H20: =SUM(H12:H19) -> 183.2 | I20: =SUM(I12:I19) -> 114.8 | J20: =SUM(J12:J19) -> 159.49 | K20: =SUM(K12:K19) -> 131.81 | ... M20: =SUM(M12:M19) -> 0 | N20: =SUM(B20:M20) -> 3079.06
A21: Diferencia | B21: =B10-B20 -> 1535.72 | C21: =C10-C20 -> 1664.59 | D21: =Marzo!AG4 -> 1723 | E21: =Abril!AF4 -> 1709.64 | F21: =F10-F20-Mayo!AH22 -> 1092.24 | G21: =Junio!AF4 -> 875.68 | H21: =H10-H20 -> 962.87 | I21: =I10-I20 -> 753.26 | J21: =J10-J20 -> 808.06 | K21: =K10-K20 -> 950.74 | L21: =L10-L20 -> 950.74 | M21: =M10-M20 -> 950.74
A22: Banca | C22: =Febrero!AD3 -> 26.65 | D22: =Marzo!AG3 -> 64.35 | E22: =Abril!AF3 -> 58.85 | F22: =Mayo!AG3 -> 29.76 | G22: =Junio!AF3 -> 50.19 | H22: =Julio!AG3 -> 58.39 | I22: =Agosto!AG3 -> 107.46 | J22: =Septiembre!AF3 -> 53.52 | K22: =Octubre!AG3 -> 29.93 | L22: =Noviembre!AF3 -> 55.04 | M22: =Diciembre!AG3 -> 467.26
A23: TOTAL | B23: =SUM(B21:B22) -> 1535.72 | C23: =SUM(C21:C22) -> 1691.24 | D23: =SUM(D21:D22) -> 1787.35 | E23: =SUM(E21:E22) -> 1768.49 | F23: =SUM(F21:F22) -> 1122 | G23: =SUM(G21:G22) -> 925.87 | H23: =SUM(H21:H22) -> 1021.26 | I23: =SUM(I21:I22) -> 860.72 | ... M23: =SUM(M21:M22) -> 1418
A25: ABANCA | C25: =Febrero!AE22 -> 108.63 | D25: =Marzo!AH22 -> 33.55 | E25: =Abril!AG22 -> 225.49 | F25: =Mayo!AH22 -> 249.88 | G25: =Junio!AG22 -> 545.51
A27: Gastos Fijos | B27: Bus / Viaje | C27: Tren / Viaje | D27: Psicólogo / Consulta
B28: 0.74 | C28: 6.1 | D28: 70

Sheet Febrero
AF1: Diferencia
B2: 0 | C2: 1 | D2: 2 | E2: 3 | F2: 4 | G2: 5 | H2: 6 | I2: 7 | J2: 8 | K2: 9 | L2: 10 | M2: 11 | N2: 12 | O2: 13 | P2: 14 | Q2: 15 | R2: 16 | S2: 17 | T2: 18 | U2: 19 | V2: 20 | W2: 21 | X2: 22 | Y2: 23 | Z2: 24 | AA2: 25 | AB2: 26 | AC2: 27 | AD2: 28
A3: Banca | B3: 69.99 | C3: =B3+C7-C22 -> 69.99 | D3: =C3+D7-D22 -> 69.99 | E3: =D3+E7-E22 -> 69.99 | F3: =E3+F7-F22 -> 69.99 | G3: =F3+G7-G22 -> 69.99 | H3: =G3+H7-H22 -> 69.99 | I3: =H3+I7-I22 -> 69.99 | J3: =I3+J7-J22 -> 23.95 | ... AD3: =AC3+AD7-AD22 -> 26.65 | AF3: =AD3-B3 -> -43.34
A4: Efectivo | B4: 1535.72 | C4: =B4+C8-C24 -> 1533.22 | D4: =C4+D12-D24 -> 1532.02 | E4: =D4+E12-E24 -> 1529.52 | F4: =E4+F12-F24 -> 1543.42 | G4: =F4+G12-G24 -> 1543.42 | H4: =G4+H12-H24 -> 1543.42 | I4: =H4+I12-I24 -> 1543.42 | J4: =I4+J12-J24 -> 1561.83 | K4: =J4+K12-K24 -> 1525.65 | ... AD4: =AC4+AD12-AD24 -> 1684.58 | AF4: =AD4-B4 -> 148.86
B6: 0 | C6: 1 | D6: 2 | E6: 3 | F6: 4 | G6: 5 | H6: 6 | I6: 7 | J6: 8 | K6: 9 | L6: 10 | M6: 11 | N6: 12 | O6: 13 | P6: 14 | Q6: 15 | R6: 16 | S6: 17 | T6: 18 | U6: 19 | V6: 20 | W6: 21 | X6: 22 | Y6: 23 | Z6: 24 | AA6: 25 | AB6: 26 | AC6: 27 | AD6: 28
A7: Ingresos | B7: Banca | L7: 20 | P7: 45.29 | AE7: =SUM(C7:AD7) -> 65.29
B8: Efectivo | F8: 20 | J8: 20 | P8: 10 | V8: =20*3 -> 60 | Y8: 20 | AA8: =20+20+20 -> 60 | AE8: =SUM(C8:AD8) -> 190
B9: Regalo | Z9: =50+50+100 -> 200 | AE9: =SUM(C9:AD9) -> 200
AE10: =SUM(C10:AD10) -> 0
B11: Ahorro | H11: =50+50+10+20 -> 130 | AE11: =SUM(C11:AD11) -> 130
A12: TOTAL | C12: =SUM(C8:C10) -> 0 | D12: =SUM(D8:D10) -> 0 | E12: =SUM(E8:E10) -> 0 | F12: =SUM(F8:F10) -> 20 | G12: =SUM(G8:G10) -> 0 | H12: =SUM(H8:H10) -> 0 | I12: =SUM(I8:I10) -> 0 | J12: =SUM(J8:J10) -> 20 | ... AD12: =SUM(AD8:AD10) -> 0 | AE12: =SUM(C12:AD12) -> 390
A14: Gastos | B14: Comida | C14: 2.5 | D14: 1.2 | E14: 2.5 | P14: 1.2 | Q14: 1.2 | R14: 1.2 | S14: 1.2 | T14: 1.2 | X14: 1.2 | Y14: 2.5 | Z14: 2.5 | AE14: =SUM(C14:AD14) -> 18.4
B15: Tren | F15: 6.1 | T15: 6.1 | V15: 6.1 | AA15: 6.1 | AC15: 5.05 | AE15: =SUM(C15:AD15) -> 29.45
B16: Ropa | K16: =26.09+10.09 -> 36.18 | L16: =30.09+25.95 -> 56.04 | AA16: 15 | AE16: =SUM(C16:AD16)+L22+J22 -> 192.5
B17: Entretenimiento | T17: =1+1+1 -> 3 | W17: 10 | AA17: =4+6 -> 10 | AB17: 60 | AE17: =SUM(C17:AD17) -> 83
B18: Tecnología | AE18: =SUM(C18:AD18) -> 0
B19: Bus | Y19: 0.74 | AA19: 0.74 | AE19: =SUM(C19:AD19) -> 1.48
B20: Coche | AE20: =SUM(C20:AD20) -> 0
B21: Salud | J21: 1.59 | AE21: =SUM(C21:AD21) -> 1.59
B22: Banca | J22: 46.04 | L22: 39.24 | AB22: =3.45+14.95 -> 18.4 | AC22: 4.95 | AE22: =SUM(C22:AD22) -> 108.63
B23: Efectivo | AE23: =SUM(C23:AD23) -> 0
A24: TOTAL | C24: =C14+C15+C16+C17+C18+C19+C20+C21 -> 2.5 | D24: =D14+D15+D16+D17+D18+D19+D20+D21 -> 1.2 | E24: =E14+E15+E16+E17+E18+E19+E20+E21 -> 2.5 | F24: =F14+F15+F16+F17+F18+F19+F20+F21 -> 6.1 | G24: =G14+G15+G16+G17+G18+G19+G20+G21 -> 0 | H24: =H14+H15+H16+H17+H18+H19+H20+H21 -> 0 | I24: =I14+I15+I16+I17+I18+I19+I20+I21 -> 0 | J24: =J14+J15+J16+J17+J18+J19+J20+J21 -> 1.59 | ... AD24: =AD14+AD15+AD16+AD17+AD18+AD19+AD20+AD21 -> 0 | AE24: =SUM(C24:AD24) -> 241.14

Sheet Marzo
X1: Correción | AI1: Diferencia
B2: 0 | C2: 1 | D2: 2 | E2: 3 | F2: 4 | G2: 5 | H2: 6 | I2: 7 | J2: 8 | K2: 9 | L2: 10 | M2: 11 | N2: 12 | O2: 13 | P2: 14 | Q2: 15 | R2: 16 | S2: 17 | T2: 18 | U2: 19 | V2: 20 | W2: 21 | X2: 22 | Y2: 23 | Z2: 24 | AA2: 25 | AB2: 26 | AC2: 27 | AD2: 28 | AE2: 29 | AF2: 30 | AG2: 31
A3: Banca | B3: =Febrero!AD3 -> 26.65 | C3: =B3+C7-C22 -> 26.65 | D3: =C3+D7-D22 -> 26.65 | E3: =D3+E7-E22 -> 26.65 | F3: =E3+F7-F22 -> 11.34 | G3: =F3+G7-G22 -> 11.34 | H3: =G3+H7-H22 -> 11.34 | I3: =H3+I7-I22 -> 11.34 | J3: =I3+J7-J22 -> 41.34 | ... AE3: =AD3+AE7-AE22 -> 24.35 | AF3: =AE3+AF7-AF22-AF16 -> 64.35 | AG3: =AF3+AG7-AG22 -> 64.35 | AI3: =AG3-B3 -> 37.7
A4: Efectivo | B4: =Anual!C21 -> 1664.59 | C4: =B4+C8-C24 -> 1664.59 | D4: =C4+D12-D24 -> 1594.59 | E4: =D4+E12-E24 -> 1592.09 | F4: =E4+F12-F24 -> 1599.09 | G4: =F4+G12-G24 -> 1674.89 | H4: =G4+H12-H24 -> 1668.79 | I4: =H4+I12-I24 -> 1666.11 | J4: =I4+J12-J24 -> 1652.32 | K4: =J4+K12-K24 -> 1649.64 | ... W4: =V4+W12-W24 -> 1703.01 | X4: =X30 -> 1766 | Y4: =X4+Y12-Y24 -> 1741.75 | Z4: =Y4+Z12-Z24 -> 1741.75 | AA4: =Z4+AA12-AA24 -> 1741.75 | AB4: =AA4+AB12-AB24 -> 1741.75 | AC4: =AB4+AC12-AC24 -> 1741.75 | AD4: =AC4+AD12-AD24 -> 1780.5 | AE4: =AD4+AE12-AE24 -> 1744.25 | AF4: =AE4+AF12-AF24 -> 1723 | AG4: =AF4+AG12-AG24 -> 1723 | AI4: =AG4-B4 -> 58.41
B6: 0 | C6: 1 | D6: 2 | E6: 3 | F6: 4 | G6: 5 | H6: 6 | I6: 7 | J6: 8 | K6: 9 | L6: 10 | M6: 11 | N6: 12 | O6: 13 | P6: 14 | Q6: 15 | R6: 16 | S6: 17 | T6: 18 | U6: 19 | V6: 20 | W6: 21 | X6: 22 | Y6: 23 | Z6: 24 | AA6: 25 | AB6: 26 | AC6: 27 | AD6: 28 | AE6: 29 | AF6: 30 | AG6: 31
A7: Ingresos | B7: Banca | J7: 30 | K7: 21.25 | S7: -20 | AF7: 40 | AH7: =SUM(C7:AG7) -> 71.25
B8: Efectivo | F8: 20 | G8: 77 | M8: 5 | P8: =10+10 -> 20 | S8: =20+20 -> 40 | U8: 20 | AD8: 40 | AF8: =20-40 -> -20 | AH8: =SUM(C8:AG8) -> 202
B9: Regalo | N9: =20+20 -> 40 | AH9: =SUM(C9:AG9) -> 40
AH10: =SUM(C10:AG10) -> 0 | AJ10: =B4+AH12 -> 1977.84
B11: Ahorro | AH11: =SUM(C11:AG11) -> 0
A12: TOTAL | C12: =SUM(C8:C10) -> 0 | D12: =SUM(D8:D10) -> 0 | E12: =SUM(E8:E10) -> 0 | F12: =SUM(F8:F10) -> 20 | G12: =SUM(G8:G10) -> 77 | H12: =SUM(H8:H10) -> 0 | I12: =SUM(I8:I10) -> 0 | J12: =SUM(J8:J10) -> 0 | ... AG12: =SUM(AG8:AG10) -> 0 | AH12: =SUM(AH7:AH11) -> 313.25
A14: Gastos | B14: Comida | E14: 2.5 | F14: 1.2 | G14: 1.2 | I14: 1.2 | J14: =2.5+9.07 -> 11.57 | K14: 1.2 | L14: =1.2+3.6 -> 4.8 | M14: 1.2 | P14: 2.5 | Q14: 1.2 | R14: 1.2 | U14: 9.24 | V14: 9 | W14: 1.2 | X14: 1.2 | Y14: 4.75 | AD14: 1.25 | AE14: 1.25 | AF14: 1.25 | AH14: =SUM(C14:T14,W14:AG14) -> 40.67
B15: Tren | F15: 6.1 | H15: 6.1 | U15: 6.1 | AH15: =SUM(C15:AG15) -> 18.3
B16: Ropa | U16: =2.99+9.24 -> 12.23 | AH16: =SUM(C16:AG16) -> 12.23
B17: Entretenimiento | F17: 5.7 | Y17: 19.5 | AH17: =SUM(C17:AG17) -> 25.2
B18: Tecnología | AH18: =SUM(C18:AG18) -> 0
B19: Bus | I19: =0.74*2 -> 1.48 | J19: =0.74*3 -> 2.22 | K19: =0.74*2 -> 1.48 | L19: 1.48 | M19: 1.48 | P19: 10 | AE19: 10 | AH19: =SUM(C19:AG19) -> 28.14
B20: Coche | AE20: 25 | AH20: =SUM(C20:AG20) -> 25
B21: Salud | D21: 70 | R21: 10 | AH21: =SUM(C21:AG21) -> 80
B22: Banca | F22: =9.99+5.32 -> 15.31 | U22: 9.24 | V22: 9 | AH22: =SUM(C22:AG22) -> 33.55
B23: Efectivo | AH23: =SUM(C23:AG23) -> 0
A24: TOTAL | C24: =C14+C15+C16+C17+C18+C19+C20+C21 -> 0 | D24: =D14+D15+D16+D17+D18+D19+D20+D21 -> 70 | E24: =E14+E15+E16+E17+E18+E19+E20+E21 -> 2.5 | F24: =F14+F15+F16+F17+F18+F19+F20+F21 -> 13 | G24: =G14+G15+G16+G17+G18+G19+G20+G21 -> 1.2 | H24: =H14+H15+H16+H17+H18+H19+H20+H21 -> 6.1 | I24: =I14+I15+I16+I17+I18+I19+I20+I21 -> 2.68 | J24: =J14+J15+J16+J17+J18+J19+J20+J21 -> 13.79 | ... AE24: =AE14+AE15+AE16+AE17+AE18+AE19+AE20+AE21 -> 36.25 | AF24: 1.25 | AG24: =AG14+AG15+AG16+AG17+AG18+AG19+AG20+AG21 -> 0 | AH24: =AH14+AH15+AH16+AH17+AH18+AH19+AH20+AH21 -> 229.54
D26: Correción | X26: Sobre
D27: 1635 | X27: 1740
X28: Cartera
X29: 26
X30: =X29+X27 -> 1766

Sheet Abril
K1: -102 | L1: Correción | AH1: Diferencia
B2: 0 | C2: 1 | D2: 2 | E2: 3 | F2: 4 | G2: 5 | H2: 6 | I2: 7 | J2: 8 | K2: 9 | L2: 10 | M2: 11 | N2: 12 | O2: 13 | P2: 14 | Q2: 15 | R2: 16 | S2: 17 | T2: 18 | U2: 19 | V2: 20 | W2: 21 | X2: 22 | Y2: 23 | Z2: 24 | AA2: 25 | AB2: 26 | AC2: 27 | AD2: 28 | AE2: 29 | AF2: 30
A3: Banca | B3: =Marzo!AG3 -> 64.35 | C3: =B3+C7-C22 -> 64.35 | D3: =C3+D7-D22 -> 64.35 | E3: =D3+E7-E22 -> 64.35 | F3: =E3+F7-F22 -> 64.35 | G3: =F3+G7-G22 -> 64.35 | H3: =G3+H7-H22 -> 54.36 | I3: =H3+I7-I22 -> 57.13 | J3: =I3+J7-J22 -> 57.13 | ... AF3: =AE3+AF7-AF22 -> 58.85 | AH3: =AF3-B3 -> -5.5
A4: Efectivo | B4: =Marzo!AG4 -> 1723 | C4: =B4+C8-C24 -> 1713.35 | D4: =C4+D12-D24 -> 1710.85 | E4: =D4+E12-E24 -> 1778.45 | F4: =E4+F12-F24 -> 1775.9 | G4: =F4+G12-G24 -> 1774.65 | H4: =G4+H12-H24 -> 1703.4 | I4: =H4+I12-I24 -> 1745.85 | J4: =I4+J12-J24 -> 1707.9 | K4: =J4+K12-K24 -> 1717.9 | L4: =L31 -> 1557 | M4: =L4+M12-M24 -> 1561.95 | N4: =M4+N12-N24 -> 1556.95 | O4: =N4+O12-O24 -> 1546.95 | P4: =O4+P12-P24 -> 1575.85 | Q4: =P4+Q12-Q24 -> 1675.85 | R4: =Q4+R12-R24 -> 1689.31 | S4: =R4+S12-S24 -> 1683.21 | T4: =S4+T12-T24 -> 1683.21 | ... AF4: =AE4+AF12-AF24 -> 1709.64 | AH4: =AF4-B4 -> -13.36
B6: 0 | C6: 1 | D6: 2 | E6: 3 | F6: 4 | G6: 5 | H6: 6 | I6: 7 | J6: 8 | K6: 9 | L6: 10 | M6: 11 | N6: 12 | O6: 13 | P6: 14 | Q6: 15 | R6: 16 | S6: 17 | T6: 18 | U6: 19 | V6: 20 | W6: 21 | X6: 22 | Y6: 23 | Z6: 24 | AA6: 25 | AB6: 26 | AC6: 27 | AD6: 28 | AE6: 29 | AF6: 30
A7: Ingresos | B7: Banca | I7: 170 | R7: 40 | X7: 9.99 | AG7: =SUM(C7:AF7) -> 219.99
B8: Efectivo | E8: 80 | I8: =55-170 -> -115 | K8: 10 | L8: 20 | M8: 20 | P8: 50 | U8: 20 | Y8: 20 | AB8: 10 | AE8: 5 | AG8: =SUM(C8:AF8) -> 120
B9: Regalo | Q9: 100 | V9: 50 | AG9: =SUM(C9:AF9) -> 150
AG10: =SUM(C10:AF10) -> 0
B11: Ahorro | AG11: =SUM(C11:AF11) -> 0
A12: TOTAL | C12: =SUM(C7:C10) -> 0 | D12: =SUM(D7:D10) -> 0 | E12: =SUM(E7:E10) -> 80 | F12: =SUM(F7:F10) -> 0 | G12: =SUM(G7:G10) -> 0 | H12: =SUM(H7:H10) -> 0 | I12: =SUM(I7:I10) -> 55 | J12: =SUM(J7:J10) -> 0 | ... AF12: =SUM(AF7:AF10) -> 0 | AG12: =SUM(C12:AF12) -> 489.99
A14: Gastos | B14: Comida | C14: =1.55+2 -> 3.55 | D14: =0.5+2 -> 2.5 | E14: =2.1*3 -> 6.3 | F14: =1.25+1.3 -> 2.55 | G14: 1.25 | H14: 1.25 | I14: 2.55 | J14: =2.55+30 -> 32.55 | M14: 10 | O14: 10 | R14: 20.44 | U14: =7.05+1.25 -> 8.3 | W14: 2.55 | X14: =2.55+3.2 -> 5.75 | AA14: 1.25 | AD14: 1.25 | AE14: 4.59 | AG14: =SUM(C14:AF14) -> 116.63
B15: Tren | C15: 6.1 | E15: 6.1 | J15: 5.4 | L15: 6.1 | M15: 5.05 | P15: 6.1 | R15: 6.1 | S15: 6.1 | X15: 6.1 | Z15: 6.1 | AG15: =SUM(C15:AF15) -> 59.25
B16: Ropa | I16: 64 | AA16: 35.97 | AG16: =SUM(C16:AF16) -> 99.97
B17: Entretenimiento | N17: 5 | P17: 15 | V17: 4.2 | AG17: =SUM(C17:AF17) -> 24.2
B18: Tecnología | V18: 2.5 | AG18: =SUM(C18:AF18) -> 2.5
B19: Bus | I19: 10 | AG19: =SUM(C19:AF19) -> 10
B20: Coche | I20: =73.26+29.97 -> 103.23 | L20: 72.36 | AG20: =SUM(C20:AF20) -> 175.59
B21: Salud | H21: 70 | W21: 10 | AG21: =SUM(C21:AF21) -> 80
B22: Banca | G22: =G16 | H22: 9.99 | I22: =I20+I16 -> 167.23 | S22: 1.5 | T22: 18.07 | Z22: 7.72 | AC22: 20.98 | AG22: =SUM(C22:AF22) -> 225.49
B23: Efectivo | AG23: =SUM(C23:AF23) -> 0
A24: TOTAL | C24: =C14+C15+C16+C17+C18+C19+C20+C21 -> 9.65 | D24: =D14+D15+D16+D17+D18+D19+D20 -> 2.5 | E24: =E14+E15+E16+E17+E18+E19+E20+E21 -> 12.4 | F24: =F14+F15+F16+F17+F18+F19+F20+F21 -> 2.55 | G24: =G14 -> 1.25 | H24: =H14+H15+H16+H17+H18+H19+H20+H21 -> 71.25 | I24: =I14+I19 -> 12.55 | J24: =J14+J15+J16+J17+J18+J19+J20+J21 -> 37.95 | K24: 0 | L24: =L14+L15+L16+L17+L18+L19+L20+L21 -> 78.46 | M24: =M14+M15+M16+M17+M18+M19+M20+M21 -> 15.05 | N24: =N14+N15+N16+N17+N18+N19+N20+N21 -> 5 | O24: =O14+O15+O16+O17+O18+O19+O20+O21 -> 10 | P24: =P14+P15+P16+P17+P18+P19+P20+P21 -> 21.1 | Q24: =Q14+Q15+Q16+Q17+Q18+Q19+Q20+Q21 -> 0 | R24: =R14+R15+R16+R17+R18+R19+R20+R21 -> 26.54 | S24: =S14+S15+S16+S17+S18+S19+S20+S21 -> 6.1 | ... AG24: =AG14+AG15+AG16+AG17+AG18+AG19+AG20+AG21 -> 568.14
L26: Sobre
L27: 1520 | Q27: 1620
L28: Cartera
L29: 37 | Q29: 57
L31: =L27+L29 -> 1557 | Q31: =Q29+Q27 -> 1677

Sheet Mayo
AI1: Diferencia
B2: 0 | C2: 1 | D2: 2 | E2: 3 | F2: 4 | G2: 5 | H2: 6 | I2: 7 | J2: 8 | K2: 9 | L2: 10 | M2: 11 | N2: 12 | O2: 13 | P2: 14 | Q2: 15 | R2: 16 | S2: 17 | T2: 18 | U2: 19 | V2: 20 | W2: 21 | X2: 22 | Y2: 23 | Z2: 24 | AA2: 25 | AB2: 26 | AC2: 27 | AD2: 28 | AE2: 29 | AF2: 30 | AG2: 31
A3: Banca | B3: =Abril!AF3 -> 58.85 | C3: =B3+C7-C22 -> 58.85 | D3: =C3+D7-D22 -> 66.77 | E3: =D3+E7-E22 -> 56.78 | F3: =E3+F7-F22 -> 76.78 | G3: =F3+G7-G22 -> 76.78 | H3: =G3+H7-H22 -> 76.78 | I3: =H3+I7-I22 -> 40.79 | J3: =I3+J7-J22 -> 40.79 | ... AG3: =AF3+AG7-AG22 -> 29.76 | AI3: =AG3-B3 -> -29.09
A4: Efectivo | B4: =Abril!AF4 -> 1709.64 | C4: =B4+C8-C24 -> 1708.39 | D4: =C4+D12-D24 -> 1673.65 | E4: =D4+E12-E24 -> 1672.4 | F4: =E4+F12-F24 -> 1688.75 | G4: =F4+G12-G24 -> 1716.8 | H4: =G4+H12-H24 -> 1712.55 | I4: =H4+I12-I24 -> 1712.55 | J4: =I4+J12-J24 -> 1726.45 | K4: =J4+K12-K24 -> 1691.7 | ... AG4: =AF4+AG12-AG24 -> 1089.44 | AI4: =AG4-B4 -> -620.2
B6: 0 | C6: 1 | D6: 2 | E6: 3 | F6: 4 | G6: 5 | H6: 6 | I6: 7 | J6: 8 | K6: 9 | L6: 10 | M6: 11 | N6: 12 | O6: 13 | P6: 14 | Q6: 15 | R6: 16 | S6: 17 | T6: 18 | U6: 19 | V6: 20 | W6: 21 | X6: 22 | Y6: 23 | Z6: 24 | AA6: 25 | AB6: 26 | AC6: 27 | AD6: 28 | AE6: 29 | AF6: 30 | AG6: 31
A7: Ingresos | B7: Banca | D7: 20 | F7: =50-30 -> 20 | N7: 25.99 | Y7: 23 | AA7: 20 | AD7: 1.8 | AE7: 100 | AF7: 10 | AH7: =SUM(C7:AG7) -> 220.79
B8: Efectivo | F8: 30 | G8: 45 | J8: 20 | N8: 90 | W8: 20 | AA8: -20 | AB8: 80 | AD8: 50 | AH8: =SUM(C8:AG8) -> 315
B9: Regalo | C9: 20 | AH9: =SUM(C9:AG9) -> 20
AH10: =SUM(C10:AG10) -> 0
B11: Ahorro | AH11: =SUM(C11:AG11) -> 0
A12: TOTAL | C12: =SUM(C8:C10) -> 20 | D12: =SUM(D8:D10) -> 0 | E12: =SUM(E8:E10) -> 0 | F12: =SUM(F8:F10) -> 30 | G12: =SUM(G8:G10) -> 45 | H12: =SUM(H8:H10) -> 0 | I12: =SUM(I8:I10) -> 0 | J12: =SUM(J8:J10) -> 20 | ... AG12: =SUM(AG8:AG10) -> 0 | AH12: =SUM(C12:AG12) -> 335
A14: Gastos | B14: Comida | C14: 1.25 | D14: 1.25 | E14: 1.25 | F14: 1.25 | G14: =1.25+1.4+2.1 -> 4.75 | H14: 1.25 | K14: =1.25+3.45 -> 4.7 | L14: 1.25 | M14: 1.25 | N14: =2.5+2.2+1.25+4 -> 9.95 | P14: =10+10+10 -> 30 | R14: =20+12.5 -> 32.5 | T14: =2*1.25 -> 2.5 | U14: 1.25 | V14: 1.25 | Z14: 1.25 | AA14: 1.25 | AB14: 1.25 | AE14: 20 | AF14: 20 | AH14: =SUM(C14:AG14) -> 139.4
B15: Tren | G15: 6.1 | J15: 6.1 | N15: 6.1 | S15: 7.6 | AB15: 7.25 | AH15: =SUM(C15:AG15) -> 33.15
B16: Ropa | D16: =25.99+7.5 -> 33.49 | K16: 30.05 | AH16: =SUM(C16:AG16) -> 63.54
B17: Entretenimiento | G17: =5+1.1 -> 6.1 | AB17: 40 | AC17: =12+7+10+15 -> 44 | AD17: =1 -> 1 | AE17: 50 | AF17: 10.92 | AH17: =SUM(C17:AG17) -> 152.02
B18: Tecnología | AH18: =SUM(C18:AG18) -> 0
B19: Bus | F19: =1.2*2+10 -> 12.4 | AH19: =SUM(C19:AG19) -> 12.4
B20: Coche | R20: 500 | AH20: =SUM(C20:AG20) -> 500
B21: Salud | H21: 3 | M21: 10 | U21: 1.1 | AG21: 8.7 | AH21: =SUM(C21:AG21) -> 22.8
B22: Banca | D22: 12.08 | E22: 9.99 | I22: =10+25.99 -> 35.99 | L22: =2.39+7.5 -> 9.89 | P22: 3 | S22: 36 | AA22: 22.99 | AB22: 8.05 | AC22: 11.89 | AF22: 100 | AH22: =SUM(C22:AG22) -> 249.88
B23: Efectivo | AH23: =SUM(C23:AG23) -> 0
A24: TOTAL | C24: =C14+C15+C16+C17+C18+C19+C20+C21 -> 1.25 | D24: =D14+D15+D16+D17+D18+D19+D20+D21 -> 34.74 | E24: =E14+E15+E16+E17+E18+E19+E20+E21 -> 1.25 | F24: =F14+F15+F16+F17+F18+F19+F20+F21 -> 13.65 | G24: =G14+G15+G16+G17+G18+G19+G20+G21 -> 16.95 | H24: =H14+H15+H16+H17+H18+H19+H20+H21 -> 4.25 | I24: =I14+I15+I16+I17+I18+I19+I20+I21 -> 0 | J24: =J14+J15+J16+J17+J18+J19+J20+J21 -> 6.1 | ... AB24: =AB14+AB15+AB16+AB17+AB18+AB19+AB20+AB21 -> 48.5 | AC24: =AC14+AC15+AC16+AC17+AC18+AC19+AC20+AC22 -> 55.89 | AD24: =AD14+AD15+AD16+AD17+AD18+AD19+AD20+AD21 -> 1 | AE24: =AE14+AE15+AE16+AE17+AE18+AE19+AE20+AE21 -> 70 | AF24: =AF14+AF15+AF16+AF17+AF18+AF19+AF20+AF21 -> 30.92 | AG24: =AG14+AG15+AG16+AG17+AG18+AG19+AG20+AG21 -> 8.7 | AH24: =AH14+AH15+AH16+AH17+AH18+AH19+AH20+AH21 -> 923.31
AG28: Correción
AG29: 1090
AC30: 7.50
AC31: 12
AC32: 7

Sheet Junio
AH1: Diferencia
B2: 0 | C2: 1 | D2: 2 | E2: 3 | F2: 4 | G2: 5 | H2: 6 | I2: 7 | J2: 8 | K2: 9 | L2: 10 | M2: 11 | N2: 12 | O2: 13 | P2: 14 | Q2: 15 | R2: 16 | S2: 17 | T2: 18 | U2: 19 | V2: 20 | W2: 21 | X2: 22 | Y2: 23 | Z2: 24 | AA2: 25 | AB2: 26 | AC2: 27 | AD2: 28 | AE2: 29 | AF2: 30
A3: Banca | B3: =Mayo!AG3 -> 29.76 | C3: =B3+C7-C22 -> 48.77 | D3: =C3+D7-D22 -> 41.78 | E3: =D3+E7-E22 -> 31.22 | F3: =E3+F7-F22 -> 16.64 | G3: =F3+G7-G22 -> 16.64 | H3: =G3+H7-H22 -> 16.64 | I3: =H3+I7-I22 -> 16.64 | J3: =I3+J7-J22 -> 76.64 | ... AF3: =AE3+AF7-AF22 -> 50.19 | AH3: =AF3-B3 -> 20.43
A4: Efectivo | B4: =Mayo!AG4 -> 1089.44 | C4: =B4+C8-C24 -> 1089.44 | D4: 1090 | E4: =D4+E12-E24 -> 1090 | F4: =E4+F12-F24 -> 1090 | G4: =F4+G12-G24 -> 1090 | H4: 1005 | I4: =H4+I12-I24 -> 1003.75 | J4: =I4+J12-J24 -> 987.81 | K4: =J4+K12-K24 -> 987.11 | L4: =K4+L12-L24 -> 987.11 | M4: =L4+M12-M24 -> 1022.81 | N4: =M4+N12-N24 -> 1016.71 | O4: =N4+O12-O24 -> 847.77 | P4: =O4+P12-P24 -> 847.77 | ... AF4: =AE4+AF12-AF24 -> 875.68 | AH4: =AF4-B4 -> -213.76
B6: 0 | C6: 1 | D6: 2 | E6: 3 | F6: 4 | G6: 5 | H6: 6 | I6: 7 | J6: 8 | K6: 9 | L6: 10 | M6: 11 | N6: 12 | O6: 13 | P6: 14 | Q6: 15 | R6: 16 | S6: 17 | T6: 18 | U6: 19 | V6: 20 | W6: 21 | X6: 22 | Y6: 23 | Z6: 24 | AA6: 25 | AB6: 26 | AC6: 27 | AD6: 28 | AE6: 29 | AF6: 30
A7: Ingresos | B7: Banca | C7: 20 | H7: =100+110 -> 210 | J7: 100 | M7: 15 | O7: 150 | R7: 13 | S7: 8 | AE7: 19.99 | AF7: 29.95 | AG7: =SUM(C7:AF7) -> 565.94
B8: Efectivo | H8: -100 | K8: 60 | M8: 50 | O8: =20-150 -> -130 | Q8: =15+50 -> 65 | R8: 100 | AG8: =SUM(C8:AF8) -> 45
B9: Regalo | AG9: =SUM(C9:AF9) -> 0
AG10: =SUM(C10:AF10) -> 0
B11: Ahorro | AG11: =SUM(C11:AF11) -> 0
A12: TOTAL | C12: =SUM(C8:C10) -> 0 | D12: =SUM(D8:D10) -> 0 | E12: =SUM(E8:E10) -> 0 | F12: =SUM(F8:F10) -> 0 | G12: =SUM(G8:G10) -> 0 | H12: =SUM(H8:H10) -> -100 | I12: =SUM(I8:I10) -> 0 | J12: =SUM(J8:J10) -> 0 | ... AF12: =SUM(AF8:AF10) -> 0 | AG12: =SUM(C12:AF12) -> 45
A14: Gastos | B14: Comida | H14: 3.49 | I14: 1.25 | J14: 1.25 | O14: 3.74 | AG14: =SUM(C14:AF14) -> 9.73
B15: Tren | K15: 6.1 | N15: 6.1 | Q15: 6.1 | AG15: =SUM(C15:AF15) -> 18.3
B16: Ropa | Q16: 35.99 | AG16: =SUM(C16:AF16) -> 35.99
B17: Entretenimiento | K17: =24.6+13+6.5+7.5+3 -> 54.6 | M17: =10+2.3+2 -> 14.3 | O17: 2.25 | R17: 30 | S17: 35 | T17: 30 | AG17: =SUM(C17:AF17) -> 166.15
B18: Tecnología | AG18: =SUM(C18:AF18) -> 0
B19: Bus | J19: 10 | AG19: =SUM(C19:AF19) -> 10
B20: Coche | O20: 20 | AG20: =SUM(C20:AF20) -> 20
B21: Salud | J21: 4.69 | O21: 12.95 | AG21: =SUM(C21:AF21) -> 17.64
B22: Banca | C22: =0.99 -> 0.99 | D22: 6.99 | E22: 10.56 | F22: =4.59+9.99 -> 14.58 | H22: =110+100 -> 210 | J22: 40 | L22: =4.6+10 -> 14.6 | M22: 10 | O22: =1.3 -> 1.3 | Q22: =29.15+4.01 -> 33.16 | R22: 8 | S22: =5+6.54 -> 11.54 | T22: =15.99+107.85+17.98 -> 141.82 | X22: =19.99+7 -> 26.99 | AE22: 13.99 | AF22: 0.99 | AG22: =SUM(C22:AF22) -> 545.51
B23: Efectivo | AG23: =SUM(C23:AF23) -> 0
A24: TOTAL | C24: =C14+C15+C16+C17+C18+C19+C20+C21 -> 0 | D24: =D14+D15+D16+D17+D18+D19+D20+D21 -> 0 | E24: =E14+E15+E16+E17+E18+E19+E20+E21 -> 0 | F24: =F14+F15+F16+F17+F18+F19+F20+F21 -> 0 | G24: =G14+G15+G16+G17+G18+G19+G20+G21 -> 0 | H24: =H14+H15+H16+H17+H18+H19+H20+H21 -> 3.49 | I24: =I14+I15+I16+I17+I18+I19+I20+I21 -> 1.25 | J24: =J14+J15+J16+J17+J18+J19+J20+J21 -> 15.94 | ... AG24: =AG14+AG15+AG16+AG17+AG18+AG19+AG20+AG21 -> 277.81
D28: Correción
D29: 1090
AF31: =AF4+AF3 -> 925.87

Sheet Julio
AI1: Diferencia
B2: 0 | C2: 1 | D2: 2 | E2: 3 | F2: 4 | G2: 5 | H2: 6 | I2: 7 | J2: 8 | K2: 9 | L2: 10 | M2: 11 | N2: 12 | O2: 13 | P2: 14 | Q2: 15 | R2: 16 | S2: 17 | T2: 18 | U2: 19 | V2: 20 | W2: 21 | X2: 22 | Y2: 23 | Z2: 24 | AA2: 25 | AB2: 26 | AC2: 27 | AD2: 28 | AE2: 29 | AF2: 30 | AG2: 31
A3: Banca | B3: =Junio!AF3 -> 50.19 | C3: =B3+C7-C22 -> 45.19 | D3: =C3+D7-D22 -> 38.79 | E3: =D3+E7-E22 -> 38.79 | F3: =E3+F7-F22 -> 38.79 | G3: =F3+G7-G22 -> 38.79 | H3: =G3+H7-H22 -> 52.84 | I3: =H3+I7-I22 -> 52.84 | J3: =I3+J7-J22 -> 22.26 | ... AG3: =AF3+AG7-AG22 -> 58.39 | AI3: =AG3-B3 -> 8.2
A4: Efectivo | B4: =Junio!AF4 -> 875.68 | C4: =B4+C8-C24 -> 963.68 | D4: =C4+D12-D24 -> 929.68 | E4: =D4+E12-E24 -> 929.68 | F4: =E4+F12-F24 -> 929.68 | G4: =F4+G12-G24 -> 927.68 | H4: =G4+H12-H24 -> 927.68 | I4: =H4+I12-I24 -> 931.38 | J4: =I4+J12-J24 -> 923.58 | K4: =J4+K12-K24 -> 923.58 | ... AG4: =AF4+AG12-AG24 -> 892.48 | AI4: =AG4-B4 -> 16.8
B6: 0 | C6: 1 | D6: 2 | E6: 3 | F6: 4 | G6: 5 | H6: 6 | I6: 7 | J6: 8 | K6: 9 | L6: 10 | M6: 11 | N6: 12 | O6: 13 | P6: 14 | Q6: 15 | R6: 16 | S6: 17 | T6: 18 | U6: 19 | V6: 20 | W6: 21 | X6: 22 | Y6: 23 | Z6: 24 | AA6: 25 | AB6: 26 | AC6: 27 | AD6: 28 | AE6: 29 | AF6: 30 | AG6: 31
A7: Ingresos | B7: Banca | H7: 14.99 | O7: 50 | Y7: =30+6-20 -> 16 | Z7: =14+5+50 -> 69 | AH7: =SUM(C7:AG7) -> 149.99
B8: Efectivo | C8: 90 | D8: 30 | G8: 5 | I8: 10 | S8: 20 | T8: 5 | Y8: 20 | Z8: 20 | AH8: =SUM(C8:AG8) -> 200
B9: Regalo | AH9: =SUM(C9:AG9) -> 0
AH10: =SUM(C10:AG10) -> 0
B11: Ahorro | AH11: =SUM(C11:AG11) -> 0
A12: TOTAL | C12: =SUM(C8:C10) -> 90 | D12: =SUM(D8:D10) -> 30 | E12: =SUM(E8:E10) -> 0 | F12: =SUM(F8:F10) -> 0 | G12: =SUM(G8:G10) -> 5 | H12: =SUM(H8:H10) -> 0 | I12: =SUM(I8:I10) -> 10 | J12: =SUM(J8:J10) -> 0 | ... AG12: =SUM(AG8:AG10) -> 0 | AH12: =SUM(C12:AG12) -> 200
A14: Gastos | B14: Comida | D14: =4+3+7 -> 14 | G14: 7 | I14: 6.3 | J14: =5.8+2 -> 7.8 | Y14: 26 | AH14: =SUM(C14:AG14) -> 61.1
B15: Tren | R15: 6.1 | S15: 6.1 | X15: 7.5 | AH15: =SUM(C15:AG15) -> 19.7
B16: Ropa | AH16: =SUM(C16:AG16) -> 0
B17: Entretenimiento | C17: 2 | D17: =10 -> 10 | Q17: 20 | T17: 11 | Y17: =4.5+2.9+12 -> 19.4 | AH17: =SUM(C17:AG17) -> 62.4
B18: Tecnología | D18: 40 | AH18: =SUM(C18:AG18) -> 40
B19: Bus | AH19: =SUM(C19:AG19) -> 0
B20: Coche | AH20: =SUM(C20:AG20) -> 0
B21: Salud | AH21: =SUM(C21:AG21) -> 0
B22: Banca | C22: 5 | D22: 6.4 | H22: 0.94 | J22: =17.98+12.6 -> 30.58 | N22: 4.05 | O22: 13.09 | R22: 3.2 | V22: =3.99+5.94 -> 9.93 | Y22: =17.99+15.95 -> 33.94 | AB22: 8.68 | AC22: 12.99 | AF22: 0.99 | AG22: 12 | AH22: =SUM(C22:AG22) -> 141.79
B23: Efectivo | AH23: =SUM(C23:AG23) -> 0
A24: TOTAL | C24: =C14+C15+C16+C17+C18+C19+C20+C21 -> 2 | D24: =D14+D15+D16+D17+D18+D19+D20+D21 -> 64 | E24: =E14+E15+E16+E17+E18+E19+E20+E21 -> 0 | F24: =F14+F15+F16+F17+F18+F19+F20+F21 -> 0 | G24: =G14+G15+G16+G17+G18+G19+G20+G21 -> 7 | H24: =H14+H15+H16+H17+H18+H19+H20+H21 -> 0 | I24: =I14+I15+I16+I17+I18+I19+I20+I21 -> 6.3 | J24: =J14+J15+J16+J17+J18+J19+J20+J21 -> 7.8 | ... AH24: =AH14+AH15+AH16+AH17+AH18+AH19+AH20+AH21 -> 183.2
X29: 26
X30: =X29+X27 -> 26

Sheet Agosto
AI1: Diferencia
B2: 0 | C2: 1 | D2: 2 | E2: 3 | F2: 4 | G2: 5 | H2: 6 | I2: 7 | J2: 8 | K2: 9 | L2: 10 | M2: 11 | N2: 12 | O2: 13 | P2: 14 | Q2: 15 | R2: 16 | S2: 17 | T2: 18 | U2: 19 | V2: 20 | W2: 21 | X2: 22 | Y2: 23 | Z2: 24 | AA2: 25 | AB2: 26 | AC2: 27 | AD2: 28 | AE2: 29 | AF2: 30 | AG2: 31
A3: Banca | B3: =Julio!AG3 -> 58.39 | C3: =B3+C7-C22 -> 58.39 | D3: =C3+D7-D22 -> 45.4 | E3: =D3+E7-E22 -> 45.4 | F3: =E3+F7-F22 -> 95.4 | G3: =F3+G7-G22 -> 61.5 | H3: =G3+H7-H22 -> 61.5 | I3: =H3+I7-I22 -> 61.5 | J3: =I3+J7-J22 -> 61.5 | ... AG3: =AF3+AG7-AG22 -> 107.46 | AI3: =AG3-B3 -> 49.07
A4: Efectivo | B4: =Julio!AF4 -> 892.48 | C4: =B4+C8-C24 -> 892.48 | D4: =C4+D12-D24 -> 892.48 | E4: =D4+E12-E24 -> 892.48 | F4: =E4+F12-F24 -> 892.48 | G4: =F4+G12-G24 -> 892.48 | H4: =G4+H12-H24 -> 892.48 | I4: =H4+I12-I24 -> 892.48 | J4: =I4+J12-J24 -> 892.48 | K4: =J4+K12-K24 -> 892.48 | ... P4: =O4+P12-P24 -> 887.48 | Q4: 834.5 | R4: =Q4+R12-R24 -> 834.5 | S4: =R4+S12-S24 -> 834.5 | T4: =S4+T12-T24 -> 833.3 | U4: =T4+U12-U24 -> 827.8 | V4: =U4+V12-V24 -> 827.8 | W4: =V4+W12-W24 -> 827.8 | X4: =W4+X12-X24 -> 817.8 | Y4: =X4+Y12-Y24 -> 817.8 | ... AG4: =AF4+AG12-AG24 -> 694.7 | AI4: =AG4-B4 -> -197.78
B6: 0 | C6: 1 | D6: 2 | E6: 3 | F6: 4 | G6: 5 | H6: 6 | I6: 7 | J6: 8 | K6: 9 | L6: 10 | M6: 11 | N6: 12 | O6: 13 | P6: 14 | Q6: 15 | R6: 16 | S6: 17 | T6: 18 | U6: 19 | V6: 20 | W6: 21 | X6: 22 | Y6: 23 | Z6: 24 | AA6: 25 | AB6: 26 | AC6: 27 | AD6: 28 | AE6: 29 | AF6: 30 | AG6: 31
A7: Ingresos | B7: Banca | F7: =100-50 -> 50 | T7: 240 | AB7: 30 | AD7: 4 | AE7: 100 | AH7: =SUM(C7:AG7) -> 424
B8: Efectivo | L8: 20 | T8: -240 | AE8: -100 | AG8: 20 | AH8: =SUM(C8:AG8) -> -300
B9: Regalo | Q9: 100 | T9: 270 | AH9: =SUM(C9:AG9) -> 370
AH10: =SUM(C10:AG10) -> 0
B11: Ahorro | AH11: =SUM(C11:AG11) -> 0
A12: TOTAL | C12: =SUM(C8:C10) -> 0 | D12: =SUM(D8:D10) -> 0 | E12: =SUM(E8:E10) -> 0 | F12: =SUM(F8:F10) -> 0 | G12: =SUM(G8:G10) -> 0 | H12: =SUM(H8:H10) -> 0 | I12: =SUM(I8:I10) -> 0 | J12: =SUM(J8:J10) -> 0 | ... AG12: =SUM(AG8:AG10) -> 20 | AH12: =SUM(C12:AG12) -> 70
A14: Gastos | B14: Comida | T14: =9.87+1.38 -> 11.25 | AE14: 7.2 | AH14: =SUM(C14:AG14) -> 18.45
B15: Tren | AH15: =SUM(C15:AG15) -> 0
B16: Ropa | T16: 19.95 | U16: 5.5 | AH16: =SUM(C16:AG16) -> 25.45
B17: Entretenimiento | O17: 25 | X17: 10 | Z17: 7 | AA17: 10 | AB17: 3 | AG17: 5.9 | AH17: =SUM(C17:AG17) -> 60.9
B18: Tecnología | AH18: =SUM(C18:AG18) -> 0
B19: Bus | AH19: =SUM(C19:AG19) -> 0
B20: Coche | AH20: =SUM(C20:AG20) -> 0
B21: Salud | AG21: 10 | AH21: =SUM(C21:AG21) -> 10
B22: Banca | D22: =12.99 -> 12.99 | G22: 33.9 | R22: 23.09 | X22: 1.4 | Y22: 11.35 | Z22: 10.5 | AA22: 1.4 | AB22: =45+18.1 -> 63.1 | AC22: =12.99+12+11.26 -> 36.25 | AD22: 10.5 | AE22: =26.09+27.99+6.1 -> 60.18 | AF22: =73.97+14.97 -> 88.94 | AG22: =0.99+7.35+12.99 -> 21.33 | AH22: =SUM(C22:AG22) -> 374.93
B23: Efectivo | AH23: =SUM(C23:AG23) -> 0
A24: TOTAL | C24: =C14+C15+C16+C17+C18+C19+C20+C21 -> 0 | D24: =D14+D15+D16+D17+D18+D19+D20+D21 -> 0 | E24: =E14+E15+E16+E17+E18+E19+E20+E21 -> 0 | F24: =F14+F15+F16+F17+F18+F19+F20+F21 -> 0 | G24: =G14+G15+G16+G17+G18+G19+G20+G21 -> 0 | H24: =H14+H15+H16+H17+H18+H19+H20+H21 -> 0 | I24: =I14+I15+I16+I17+I18+I19+I20+I21 -> 0 | J24: =J14+J15+J16+J17+J18+J19+J20+J21 -> 0 | ... AH24: =AH14+AH15+AH16+AH17+AH18+AH19+AH20+AH21 -> 114.8
Q26: Correción
X29: 26
X30: =X29+X27 -> 26

Sheet Septiembre
AH1: Diferencia
B2: 0 | C2: 1 | D2: 2 | E2: 3 | F2: 4 | G2: 5 | H2: 6 | I2: 7 | J2: 8 | K2: 9 | L2: 10 | M2: 11 | N2: 12 | O2: 13 | P2: 14 | Q2: 15 | R2: 16 | S2: 17 | T2: 18 | U2: 19 | V2: 20 | W2: 21 | X2: 22 | Y2: 23 | Z2: 24 | AA2: 25 | AB2: 26 | AC2: 27 | AD2: 28 | AE2: 29 | AF2: 30
A3: Banca | B3: =Agosto!AG3 -> 107.46 | C3: =B3+C7-C22 -> 98.36 | D3: =C3+D7-D22 -> 98.36 | E3: =D3+E7-E22 -> 39.43 | F3: =E3+F7-F22 -> 39.43 | G3: =F3+G7-G22 -> 39.43 | H3: =G3+H7-H22 -> 39.43 | I3: =H3+I7-I22 -> 78.65 | J3: =I3+J7-J22 -> 78.65 | ... AF3: =AE3+AF7-AF22 -> 53.52 | AH3: =AF3-B3 -> -53.94
A4: Efectivo | B4: =Agosto!AG4 -> 694.7 | C4: =700+C8 -> 750 | D4: =C4+D12-D24 -> 750 | E4: =D4+E12-E24 -> 750 | F4: =E4+F12-F24 -> 743.9 | G4: =F4+G12-G24 -> 743.9 | H4: =G4+H12-H24 -> 778.85 | I4: =H4+I12-I24 -> 702.35 | J4: =I4+J12-J24 -> 702.35 | K4: =J4+K12-K24 -> 702.35 | ... AB4: =AA4+AB12-AB24 -> 605.81 | AC4: 750 | AD4: =AC4+AD12-AD24 -> 748.75 | AE4: =AD4+AE12-AE24 -> 736.2 | AF4: =AE4+AF12-AF24 -> 737.55 | AH4: =AF4-B4 -> 42.85
B6: 0 | C6: 1 | D6: 2 | E6: 3 | F6: 4 | G6: 5 | H6: 6 | I6: 7 | J6: 8 | K6: 9 | L6: 10 | M6: 11 | N6: 12 | O6: 13 | P6: 14 | Q6: 15 | R6: 16 | S6: 17 | T6: 18 | U6: 19 | V6: 20 | W6: 21 | X6: 22 | Y6: 23 | Z6: 24 | AA6: 25 | AB6: 26 | AC6: 27 | AD6: 28 | AE6: 29 | AF6: 30
A7: Ingresos | B7: Banca | I7: 60 | Q7: 50 | S7: 7 | X7: 20 | AF7: 50 | AG7: =SUM(C7:AF7) -> 187
B8: Efectivo | C8: 50 | H8: 40 | I8: -60 | N8: 20 | X8: -20 | AF8: =63-50 -> 13 | AG8: =SUM(C8:AF8) -> 43
B9: Regalo | AG9: =SUM(C9:AF9) -> 0
AG10: =SUM(C10:AF10) -> 0
B11: Ahorro | AG11: =SUM(C11:AF11) -> 0
A12: TOTAL | C12: =SUM(C8:C10) -> 50 | D12: =SUM(D8:D10) -> 0 | E12: =SUM(E8:E10) -> 0 | F12: =SUM(F8:F10) -> 0 | G12: =SUM(G8:G10) -> 0 | H12: =SUM(H8:H10) -> 40 | I12: =SUM(I8:I10) -> -60 | J12: =SUM(J8:J10) -> 0 | ... AF12: =SUM(AF8:AF10) -> 13 | AG12: =SUM(C12:AF12) -> 43
A14: Gastos | B14: Comida | N14: 1.2 | O14: =1.2+1.8 -> 3 | Q14: 1.25 | U14: 2.55 | X14: 2.55 | Y14: 0.7 | AB14: 2.55 | AC14: 1.25 | AD14: 1.25 | AE14: 2.55 | AF14: 1.2 | AG14: =SUM(C14:AF14) -> 20.05
B15: Tren | C15: 6.1 | F15: 6.1 | H15: 5.05 | Y15: =5.05 -> 5.05 | AF15: 6.1 | AG15: =SUM(C15:AF15) -> 28.4
B16: Ropa | I16: =12+3+1.5 -> 16.5 | AG16: =SUM(C16:AF16) -> 16.5
B17: Entretenimiento | S17: 24.2 | T17: =5.1+1+5+10+12 -> 33.1 | AG17: =SUM(C17:AF17) -> 57.3
B18: Tecnología | AB18: 19.99 | AF18: 4.35 | AG18: =SUM(C18:AF18) -> 24.34
B19: Bus | AC19: 2.5 | AG19: =SUM(C19:AF19) -> 2.5
B20: Coche | AG20: =SUM(C20:AF20) -> 0
B21: Salud | AB21: 0.4 | AE21: 10 | AG21: =SUM(C21:AF21) -> 10.4
B22: Banca | C22: 9.1 | E22: =29.99+28.94 -> 58.93 | I22: =8.63+3.55+2.5+6.1 -> 20.78 | L22: 8.99 | O22: 19.79 | R22: 5.6 | W22: =53.99+20 -> 73.99 | Y22: 2.77 | Z22: 15.99 | AB22: 25 | AG22: =SUM(C22:AF22) -> 240.94
B23: Efectivo | AG23: =SUM(C23:AF23) -> 0
A24: TOTAL | C24: =C14+C15+C16+C17+C18+C19+C20+C21 -> 6.1 | D24: =D14+D15+D16+D17+D18+D19+D20+D21 -> 0 | E24: =E14+E15+E16+E17+E18+E19+E20+E21 -> 0 | F24: =F14+F15+F16+F17+F18+F19+F20+F21 -> 6.1 | G24: =G14+G15+G16+G17+G18+G19+G20+G21 -> 0 | H24: =H14+H15+H16+H17+H18+H19+H20+H21 -> 5.05 | I24: =I14+I15+I16+I17+I18+I19+I20+I21 -> 16.5 | J24: =J14+J15+J16+J17+J18+J19+J20+J21 -> 0 | ... AG24: =AG14+AG15+AG16+AG17+AG18+AG19+AG20+AG21 -> 159.49

Sheet Octubre
AI1: Diferencia
B2: 0 | C2: 1 | D2: 2 | E2: 3 | F2: 4 | G2: 5 | H2: 6 | I2: 7 | J2: 8 | K2: 9 | L2: 10 | M2: 11 | N2: 12 | O2: 13 | P2: 14 | Q2: 15 | R2: 16 | S2: 17 | T2: 18 | U2: 19 | V2: 20 | W2: 21 | X2: 22 | Y2: 23 | Z2: 24 | AA2: 25 | AB2: 26 | AC2: 27 | AD2: 28 | AE2: 29 | AF2: 30 | AG2: 31
A3: Banca | B3: =Septiembre!AF3 -> 53.52 | C3: =B3+C7-C22 -> 53.52 | D3: =C3+D7-D22 -> 57.02 | E3: =D3+E7-E22 -> 57.02 | F3: =E3+F7-F22 -> 57.02 | G3: =F3+G7-G22 -> 47.03 | H3: =G3+H7-H22 -> 47.03 | I3: =H3+I7-I22 -> 35.88 | J3: =I3+J7-J22 -> 35.88 | ... AG3: =AF3+AG7-AG22 -> 29.93 | AI3: =AG3-B3 -> -23.59
A4: Efectivo | B4: =Septiembre!AF4 -> 737.55 | C4: =B4+C8-C24 -> 787.55 | D4: =C4+D12-D24 -> 781.45 | E4: =D4+E12-E24 -> 780.25 | F4: =E4+F12-F24 -> 779.05 | G4: =F4+G12-G24 -> 735.22 | H4: =G4+H12-H24 -> 732.67 | I4: =H4+I12-I24 -> 762.17 | J4: =I4+J12-J24 -> 762.17 | K4: =J4+K12-K24 -> 762.17 | ... AG4: =AF4+AG12-AG24 -> 755.74 | AI4: =AG4-B4 -> 18.19
B6: 0 | C6: 1 | D6: 2 | E6: 3 | F6: 4 | G6: 5 | H6: 6 | I6: 7 | J6: 8 | K6: 9 | L6: 10 | M6: 11 | N6: 12 | O6: 13 | P6: 14 | Q6: 15 | R6: 16 | S6: 17 | T6: 18 | U6: 19 | V6: 20 | W6: 21 | X6: 22 | Y6: 23 | Z6: 24 | AA6: 25 | AB6: 26 | AC6: 27 | AD6: 28 | AE6: 29 | AF6: 30 | AG6: 31
A7: Ingresos | B7: Banca | D7: 3.5 | G7: 40 | N7: =3+10 -> 13 | O7: 53.99 | W7: 4 | X7: 10 | AH7: =SUM(C7:AG7) -> 124.49
B8: Efectivo | C8: 50 | G8: -40 | I8: 50 | N8: 20 | W8: 70 | AH8: =SUM(C8:AG8) -> 150
B9: Regalo | AH9: =SUM(C9:AG9) -> 0
AH10: =SUM(C10:AG10) -> 0
B11: Ahorro | AH11: =SUM(C11:AG11) -> 0
A12: TOTAL | C12: =SUM(C8:C10) -> 50 | D12: =SUM(D8:D10) -> 0 | E12: =SUM(E8:E10) -> 0 | F12: =SUM(F8:F10) -> 0 | G12: =SUM(G8:G10) -> -40 | H12: =SUM(H8:H10) -> 0 | I12: =SUM(I8:I10) -> 50 | J12: =SUM(J8:J10) -> 0 | ... AG12: =SUM(AG8:AG10) -> 0 | AH12: =SUM(C12:AG12) -> 150
A14: Gastos | B14: Comida | E14: 1.2 | F14: 1.2 | G14: =1.25+1.29*2 -> 3.83 | H14: 2.55 | I14: =1+2.7+16.8 -> 20.5 | L14: 1.2 | N14: 2 | Q14: 1.25 | R14: 1.25 | U14: 1.25 | V14: 1.25 | W14: =1.25+1.4+7.4 -> 10.05 | AA14: 1.25 | AB14: 1.25 | AC14: 1.2 | AD14: =1.25+3.75 -> 5 | AH14: =SUM(C14:AG14) -> 56.23
B15: Tren | D15: 6.1 | AH15: =SUM(C15:AG15) -> 6.1
B16: Ropa | L16: =29.99+34.99+0.1 -> 65.08 | AH16: =SUM(C16:AG16) -> 65.08
B17: Entretenimiento | AH17: =SUM(C17:AG17) -> 0
B18: Tecnología | W18: 4.4 | AH18: =SUM(C18:AG18) -> 4.4
B19: Bus | AH19: =SUM(C19:AG19) -> 0
B20: Coche | AH20: =SUM(C20:AG20) -> 0
B21: Salud | AH21: =SUM(C21:AG21) -> 0
B22: Banca | G22: 49.99 | I22: 11.15 | N22: =17.99+14.18+6.6 -> 38.77 | V22: 5.05 | X22: =6.1+15.05+2.99 -> 24.14 | AA22: 2.99 | AB22: 15.99 | AH22: =SUM(C22:AG22) -> 148.08
B23: Efectivo | AH23: =SUM(C23:AG23) -> 0
A24: TOTAL | C24: =C14+C15+C16+C17+C18+C19+C20+C21 -> 0 | D24: =D14+D15+D16+D17+D18+D19+D20+D21 -> 6.1 | E24: =E14+E15+E16+E17+E18+E19+E20+E21 -> 1.2 | F24: =F14+F15+F16+F17+F18+F19+F20+F21 -> 1.2 | G24: =G14+G15+G16+G17+G18+G19+G20+G21 -> 3.83 | H24: =H14+H15+H16+H17+H18+H19+H20+H21 -> 2.55 | I24: =I14+I15+I16+I17+I18+I19+I20+I21 -> 20.5 | J24: =J14+J15+J16+J17+J18+J19+J20+J21 -> 0 | ... AH24: =AH14+AH15+AH16+AH17+AH18+AH19+AH20+AH21 -> 131.81
X29: 26
X30: =X29+X27 -> 26

Sheet Noviembre
AH1: Diferencia
B2: 0 | C2: 1 | D2: 2 | E2: 3 | F2: 4 | G2: 5 | H2: 6 | I2: 7 | J2: 8 | K2: 9 | L2: 10 | M2: 11 | N2: 12 | O2: 13 | P2: 14 | Q2: 15 | R2: 16 | S2: 17 | T2: 18 | U2: 19 | V2: 20 | W2: 21 | X2: 22 | Y2: 23 | Z2: 24 | AA2: 25 | AB2: 26 | AC2: 27 | AD2: 28 | AE2: 29 | AF2: 30
A3: Banca | B3: =Octubre!AG3 -> 29.93 | C3: =B3+C7-C22 -> 29.93 | D3: =C3+D7-D22 -> 53.93 | E3: =D3+E7-E22 -> 43.93 | F3: =E3+F7-F22 -> 83.93 | G3: =F3+G7-G22 -> 83.93 | H3: =G3+H7-H22 -> 73.93 | I3: =H3+I7-I22 -> 79.93 | J3: =I3+J7-J22 -> 43.1 | ... W3: =V3+W7-W22 -> 48.02 | X3: =W3+X7-Y22 -> 38.03 | Y3: =X3+Y7-Y22 -> 25.04 | Z3: =Y3+Z7-Z22 -> 55.04 | AA3: =Z3+AA7-AA22 -> 55.04 | AB3: =AA3+AB7-AB22 -> 55.04 | AC3: =AB3+AC7-AC22 -> 55.04 | AD3: =AC3+AD7-AD22 -> 55.04 | AE3: =AD3+AE7-AE22 -> 55.04 | AF3: =AE3+AF7-AF22 -> 55.04 | AH3: =AF3-B3 -> 25.11
A4: Efectivo | B4: =Octubre!AG4 -> 755.74 | C4: =B4+C8-C24 -> 755.74 | D4: =C4+D12-D24 -> 782.24 | E4: =D4+E12-E24 -> 770.49 | F4: =E4+F12-F24 -> 754.24 | G4: =F4+G12-G24 -> 754.24 | H4: =G4+H12-H24 -> 754.24 | I4: =H4+I12-I24 -> 752.99 | J4: =I4+J12-J24 -> 752.99 | K4: =J4+K12-K24 -> 751.74 | ... AF4: =AE4+AF12-AF24 -> 736.51 | AH4: =AF4-B4 -> -19.23
B6: 0 | C6: 1 | D6: 2 | E6: 3 | F6: 4 | G6: 5 | H6: 6 | I6: 7 | J6: 8 | K6: 9 | L6: 10 | M6: 11 | N6: 12 | O6: 13 | P6: 14 | Q6: 15 | R6: 16 | S6: 17 | T6: 18 | U6: 19 | V6: 20 | W6: 21 | X6: 22 | Y6: 23 | Z6: 24 | AA6: 25 | AB6: 26 | AC6: 27 | AD6: 28 | AE6: 29 | AF6: 30
A7: Ingresos | B7: Banca | D7: 25 | F7: =50+3.2 -> 53.2 | I7: 6 | Q7: 100 | X7: 3 | Z7: 30 | AG7: =SUM(C7:AF7) -> 217.2
B8: Efectivo | D8: 30 | M8: 40 | S8: 30 | Z8: -30 | AG8: =SUM(C8:AF8) -> 70
B9: Regalo | AG9: =SUM(C9:AF9) -> 0
AG10: =SUM(C10:AF10) -> 0
B11: Ahorro | AG11: =SUM(C11:AF11) -> 0
A12: TOTAL | C12: =SUM(C8:C10) -> 0 | D12: =SUM(D8:D10) -> 30 | E12: =SUM(E8:E10) -> 0 | F12: =SUM(F8:F10) -> 0 | G12: =SUM(G8:G10) -> 0 | H12: =SUM(H8:H10) -> 0 | I12: =SUM(I8:I10) -> 0 | J12: =SUM(J8:J10) -> 0 | ... AF12: =SUM(AF8:AF10) -> 0 | AG12: =SUM(C12:AF12) -> 70
A14: Gastos | B14: Comida | D14: 3.5 | E14: 1.75 | F14: 1.25 | I14: 1.25 | K14: 1.25 | M14: =1.25+9.8 -> 11.05 | N14: 1.25 | P14: 1.25 | Q14: 1.25 | R14: 1.25 | S14: 1.25 | T14: 1.25 | W14: 1.25 | X14: 1.25 | Y14: 1.3 | Z14: 1.25 | AA14: 1.25 | AD14: 1.25 | AE14: 1.25 | AF14: 1.25 | AG14: =SUM(C14:AF14) -> 37.6
B15: Tren | AG15: =SUM(C15:AF15) -> 0
B16: Ropa | AG16: =SUM(C16:AF16) -> 0
B17: Entretenimiento | F17: 15 | Y17: 8 | AG17: =SUM(C17:AF17) -> 23
B18: Tecnología | AG18: =SUM(C18:AF18) -> 0
B19: Bus | AG19: =SUM(C19:AF19) -> 0
B20: Coche | U20: 18.63 | AG20: =SUM(C20:AF20) -> 18.63
B21: Salud | E21: 10 | AG21: =SUM(C21:AF21) -> 10
B22: Banca | D22: 1 | E22: 10 | F22: =10+ 3.2 -> 13.2 | H22: =5+5 -> 10 | J22: 36.83 | K22: 12.2 | N22: 8.99 | Q22: 58.7 | R22: =1.1+6.1+7.99 -> 15.19 | Y22: =10+2.99 -> 12.99 | AG22: =SUM(C22:AF22) -> 179.1
B23: Efectivo | AG23: =SUM(C23:AF23) -> 0
A24: TOTAL | C24: =C14+C15+C16+C17+C18+C19+C20+C21 -> 0 | D24: =D14+D15+D16+D17+D18+D19+D20+D21 -> 3.5 | E24: =E14+E15+E16+E17+E18+E19+E20+E21 -> 11.75 | F24: =F14+F15+F16+F17+F18+F19+F20+F21 -> 16.25 | G24: =G14+G15+G16+G17+G18+G19+G20+G21 -> 0 | H24: =H14+H15+H16+H17+H18+H19+H20+H21 -> 0 | I24: =I14+I15+I16+I17+I18+I19+I20+I21 -> 1.25 | J24: =J14+J15+J16+J17+J18+J19+J20+J21 -> 0 | ... AG24: =AG14+AG15+AG16+AG17+AG18+AG19+AG20+AG21 -> 89.23

Sheet Diciembre
AI1: Diferencia
B2: 0 | C2: 1 | D2: 2 | E2: 3 | F2: 4 | G2: 5 | H2: 6 | I2: 7 | J2: 8 | K2: 9 | L2: 10 | M2: 11 | N2: 12 | O2: 13 | P2: 14 | Q2: 15 | R2: 16 | S2: 17 | T2: 18 | U2: 19 | V2: 20 | W2: 21 | X2: 22 | Y2: 23 | Z2: 24 | AA2: 25 | AB2: 26 | AC2: 27 | AD2: 28 | AE2: 29 | AF2: 30 | AG2: 31
A3: Banca | B3: =Noviembre!AF3 -> 55.04 | C3: =B3+C7-C22 -> 28.64 | D3: =C3+D7-D22 -> 28.64 | E3: =D3+E7-E22 -> 15.66 | F3: =E3+F7-F22 -> 15.66 | G3: =F3+G7-G22 -> 15.66 | H3: =G3+H7-H22 -> 15.66 | I3: =H3+I7-I22 -> 15.66 | J3: =I3+J7-J22 -> 25.26 | ... AG3: =AF3+AG7-AG22 -> 467.26 | AI3: =AG3-B3 -> 412.22
A4: Efectivo | B4: =Noviembre!AF4 -> 736.51 | C4: =B4+C8-C24 -> 776.51 | D4: =C4+D12-D24 -> 776.51 | E4: =D4+E12-E24 -> 756.32 | F4: =E4+F12-F24 -> 756.32 | G4: =F4+G12-G24 -> 738.49 | H4: =G4+H12-H24 -> 758.49 | I4: =H4+I12-I24 -> 750.04 | J4: =I4+J12-J24 -> 750.04 | K4: =J4+K12-K24 -> 731.04 | ... AG4: =AF4+AG12-AG24 -> 973.85 | AI4: =AG4-B4 -> 237.34
B6: 0 | C6: 1 | D6: 2 | E6: 3 | F6: 4 | G6: 5 | H6: 6 | I6: 7 | J6: 8 | K6: 9 | L6: 10 | M6: 11 | N6: 12 | O6: 13 | P6: 14 | Q6: 15 | R6: 16 | S6: 17 | T6: 18 | U6: 19 | V6: 20 | W6: 21 | X6: 22 | Y6: 23 | Z6: 24 | AA6: 25 | AB6: 26 | AC6: 27 | AD6: 28 | AE6: 29 | AF6: 30 | AG6: 31
A7: Ingresos | B7: Banca | J7: =3.2+3.2+3.2 -> 9.6 | V7: 20 | W7: 150 | X7: 12.98 | AF7: 400 | AH7: =SUM(C7:AG7) -> 592.58
B8: Efectivo | C8: 40 | H8: 20 | M8: 30 | Q8: 30 | X8: 100 | AH8: =SUM(C8:AG8) -> 220
B9: Regalo | AA9: 150 | AH9: =SUM(C9:AG9) -> 150
AH10: =SUM(C10:AG10) -> 0
B11: Ahorro | AH11: =SUM(C11:AG11) -> 0
A12: TOTAL | C12: =SUM(C8:C10) -> 40 | D12: =SUM(D8:D10) -> 0 | E12: =SUM(E8:E10) -> 0 | F12: =SUM(F8:F10) -> 0 | G12: =SUM(G8:G10) -> 0 | H12: =SUM(H8:H10) -> 20 | I12: =SUM(I8:I10) -> 0 | J12: =SUM(J8:J10) -> 0 | ... AG12: =SUM(AG8:AG10) -> 0 | AH12: =SUM(C12:AG12) -> 370
A14: Gastos | B14: Comida | E14: 15 | G14: =3.25+14.2+0.38 -> 17.83 | I14: =5.95+2.5 -> 8.45 | K14: 5.1 | O14: =1.25+1.05+1.4 -> 3.7 | AH14: =SUM(C14:AG14) -> 50.08
B15: Tren | AH15: =SUM(C15:AG15) -> 0
B16: Ropa | AH16: =SUM(C16:AG16) -> 0
B17: Entretenimiento | K17: =7.95+5.95 -> 13.9 | R17: 5.49 | AH17: =SUM(C17:AG17) -> 19.39
B18: Tecnología | AH18: =SUM(C18:AG18) -> 0
B19: Bus | O19: 10 | AH19: =SUM(C19:AG19) -> 10
B20: Coche | E20: 5.19 | W20: 20 | AD20: 18 | AH20: =SUM(C20:AG20) -> 43.19
B21: Salud | R21: 10 | AH21: =SUM(C21:AG21) -> 10
B22: Banca | C22: 26.4 | E22: 12.98 | S22: 12.99 | W22: =119+ 8.99 -> 127.99 | AH22: =SUM(C22:AG22) -> 180.36
B23: Efectivo | AH23: =SUM(C23:AG23) -> 0
A24: TOTAL | C24: =C14+C15+C16+C17+C18+C19+C20+C21 -> 0 | D24: =D14+D15+D16+D17+D18+D19+D20+D21 -> 0 | E24: =E14+E15+E16+E17+E18+E19+E20+E21 -> 20.19 | F24: =F14+F15+F16+F17+F18+F19+F20+F21 -> 0 | G24: =G14+G15+G16+G17+G18+G19+G20+G21 -> 17.83 | H24: =H14+H15+H16+H17+H18+H19+H20+H21 -> 0 | I24: =I14+I15+I16+I17+I18+I19+I20+I21 -> 8.45 | J24: =J14+J15+J16+J17+J18+J19+J20+J21 -> 0 | ... AH24: =AH14+AH15+AH16+AH17+AH18+AH19+AH20+AH21 -> 132.66
X29: 26
X30: =X29+X27 -> 26
