Workbook

Sheet Anual
B2: 2023
B4: Enero | C4: Febrero | D4: Marzo | E4: Abril | F4: Mayo | G4: Junio | H4: Julio | I4: Agosto | J4: Septiembre | K4: Octubre | L4: Noviembre | M4: Diciembre
A5: Ahorros | B5: =Enero!$B$20 -> 905.39 | C5: =Febrero!$B$20 -> 931.11 | D5: =Marzo!$B$20 -> 1287.81 | E5: =Abril!$B$20 -> 1127.96 | F5: =Mayo!$B$20 -> 915.77 | G5: =Junio!$B$20 -> 939.99 | H5: =Julio!$B$20 -> 1066.52 | I5: =Agosto!$B$20 -> 1809.44 | J5: =Septiembre!$B$20 -> 2643.19 | K5: =Octubre!$B$20 -> 3188.28 | L5: =Noviembre!$B$20 -> 3028.42 | M5: =Diciembre!$B$20 -> 3064.96
A6: Ingreso | B6: =Enero!AH4 -> 319.6 | C6: =Febrero!AE4 -> 936.32 | D6: =Marzo!AH4 -> 570.86 | E6: =Abril!AH4 -> 667.32 | F6: =Mayo!AH4 -> 510.86 | G6: =Junio!AH4 -> 620.13 | H6: =Julio!AH4 -> 1494.21 | I6: =Agosto!AH4 -> 1401.07 | J6: =Septiembre!AH4 -> 1340.24 | K6: =Octubre!AH4 -> 342.4 | L6: =Noviembre!AH4 -> 362 | M6: =Diciembre!AH4 -> 729.1 | N6: =SUM(B6:M6) -> 9294.11
A7: TOTAL | B7: =SUM(B5:B6) -> 1224.99 | C7: =SUM(C5:C6) -> 1867.43 | D7: =SUM(D5:D6) -> 1858.67 | E7: =SUM(E5:E6) -> 1795.28 | F7: =SUM(F5:F6) -> 1426.63 | G7: =SUM(G5:G6) -> 1560.12 | H7: =SUM(H5:H6) -> 2560.73 | I7: =SUM(I5:I6) -> 3210.51 | ... M7: =SUM(M5:M6) -> 3794.06
A9: Comida | B9: =Enero!$AH7 -> 87.68 | C9: =Febrero!$AE7 -> 90.79 | D9: =Marzo!$AH7 -> 26.94 | E9: =Abril!$AH7 -> 184.55 | F9: =Mayo!$AH7 -> 84.28 | G9: =Junio!$AH7 -> 85.73 | H9: =Julio!$AH7 -> 106.43 | I9: =Agosto!$AH7 -> 123.49 | J9: =Septiembre!$AH7 -> 187.81 | K9: =Octubre!$AH7 -> 106.98 | L9: =Noviembre!$AH7 -> 87.69 | M9: =Diciembre!$AH7 -> 69.29 | N9: =SUM(B9:M9) -> 1241.66
A10: Ropa | B10: =Enero!$AH9 -> 64.99 | C10: =Febrero!$AE9 -> 15 | D10: =Marzo!$AH9 -> 0 | E10: =Abril!$AH9 -> 76.44 | F10: =Mayo!$AH9 -> 149.78 | G10: =Junio!$AH9 -> 0 | H10: =Julio!$AH9 -> 0 | I10: =Agosto!$AH9 -> 0 | J10: =Septiembre!$AH9 -> 4.99 | K10: =Octubre!$AH9 -> 0 | L10: =Noviembre!$AH9 -> 0 | M10: =Diciembre!$AH9 -> 0 | N10: =SUM(B10:M10) -> 311.2
A11: Entretenimiento | B11: =Enero!$AH10 -> 117.63 | C11: =Febrero!$AE10 -> 106.8 | D11: =Marzo!$AH10 -> 43.28 | E11: =Abril!$AH10 -> 159.9 | F11: =Mayo!$AH10 -> 102.62 | G11: =Junio!$AH10 -> 115.06 | H11: =Julio!$AH10 -> 90.88 | I11: =Agosto!$AH10 -> 92.9 | J11: =Septiembre!$AH10 -> 157.43 | K11: =Octubre!$AH10 -> 175 | L11: =Noviembre!$AH10 -> 10 | M11: =Diciembre!$AH10 -> 87.07 | N11: =SUM(B11:M11) -> 1258.57
A12: Tecnología | B12: =Enero!$AH11 -> 74.18 | C12: =Febrero!$AE11 -> 251.77 | D12: =Marzo!$AH11 -> 526.2 | E12: =Abril!$AH11 -> 274.56 | F12: =Mayo!$AH11 -> 28.48 | G12: =Junio!$AH11 -> 35.45 | H12: =Julio!$AH11 -> 34.41 | I12: =Agosto!$AH11 -> 156.31 | J12: =Septiembre!$AH11 -> 15.98 | K12: =Octubre!$AH11 -> 146.33 | L12: =Noviembre!$AH11 -> 33.47 | M12: =Diciembre!$AH11 -> 109.34 | N12: =SUM(B12:M12) -> 1686.48
A13: Bus | B13: =Enero!$AH12 -> 0 | C13: =Febrero!$AE12 -> 0 | D13: =Marzo!$AH12 -> 0 | E13: =Abril!$AH12 -> 0 | F13: =Mayo!$AH12 -> 0 | G13: =Junio!$AH12 -> 0 | H13: =Julio!$AH12 -> 0 | I13: =Agosto!$AH12 -> 0 | J13: =Septiembre!$AH12 -> 0 | K13: =Octubre!$AH12 -> 0 | L13: =Noviembre!$AH12 -> 0 | M13: =Diciembre!$AH12 -> 0 | N13: =SUM(B13:M13) -> 0
A14: Coche | B14: =Enero!$AH13 -> 27.78 | C14: =Febrero!$AE13 -> 105.26 | D14: =Marzo!$AH13 -> 135.29 | E14: =Abril!$AH13 -> 90.31 | F14: =Mayo!$AH13 -> 94.89 | G14: =Junio!$AH13 -> 275.81 | H14: =Julio!$AH13 -> 507.57 | I14: =Agosto!$AH13 -> 194.62 | J14: =Septiembre!$AH13 -> 390.2 | K14: =Octubre!$AH13 -> 110.85 | L14: =Noviembre!$AH13 -> 182.3 | M14: =Diciembre!$AH13 -> 2248.22 | N14: =SUM(B14:M14) -> 4363.1
A15: Salud | B15: =Enero!$AH14 -> 14.12 | C15: =Febrero!$AE14 -> 10 | D15: =Marzo!$AH14 -> 49 | E15: =Abril!$AH14 -> 42.98 | F15: =Mayo!$AH14 -> 37.7 | G15: =Junio!$AH14 -> 44.15 | H15: =Julio!$AH14 -> 12 | I15: =Agosto!$AH14 -> 0 | J15: =Septiembre!$AH14 -> 38.74 | K15: =Octubre!$AH14 -> 13.1 | L15: =Noviembre!$AH14 -> 12 | M15: =Diciembre!$AH14 -> 0 | N15: =SUM(B15:M15) -> 273.79
A16: TOTAL | B16: =SUM(B9:B15) -> 386.38 | C16: =SUM(C9:C14) -> 569.62 | D16: =SUM(D9:D15) -> 780.71 | E16: =SUM(E9:E15) -> 828.74 | F16: =SUM(F9:F15) -> 497.75 | G16: =SUM(G9:G15) -> 556.2 | H16: =SUM(H9:H15) -> 751.29 | I16: =SUM(I9:I15) -> 567.32 | J16: =SUM(J9:J15) -> 795.15 | K16: =SUM(K9:K15) -> 552.26 | ... M16: =SUM(M9:M15) -> 2513.92 | N16: =SUM(B16:M16) -> 9124.8
A18: TOTAL | B18: =Enero!AG20 -> 931.11 | C18: =Febrero!AD20 -> 1287.81 | D18: =Marzo!AG20 -> 1127.96 | E18: =Abril!AG20 -> 915.77 | F18: =Mayo!AG20 -> 939.99 | G18: =Junio!AG20 -> 1066.52 | H18: =Julio!AG20 -> 1809.44 | I18: =Agosto!AG20 -> 2643.19 | J18: =Septiembre!AG20 -> 3188.28 | K18: =Octubre!AG20 -> 3028.42 | L18: =Noviembre!AG20 -> 3064.96 | M18: =Diciembre!AG20 -> 1350.14

Sheet Enero
B3: 0 | C3: 1 | D3: 2 | E3: 3 | F3: 4 | G3: 5 | H3: 6 | I3: 7 | J3: 8 | K3: 9 | L3: 10 | M3: 11 | N3: 12 | O3: 13 | P3: 14 | Q3: 15 | R3: 16 | S3: 17 | T3: 18 | U3: 19 | V3: 20 | W3: 21 | X3: 22 | Y3: 23 | Z3: 24 | AA3: 25 | AB3: 26 | AC3: 27 | AD3: 28 | AE3: 29 | AF3: 30 | AG3: 31
A4: Ingresos | B4: Ingreso | G4: 20 | H4: 50 | O4: 3.2 | Q4: =40+100 -> 140 | R4: =3.2*2 -> 6.4 | S4: 20 | Y4: 50 | AA4: 20 | AC4: 10 | AE4: 15 | AF4: 70 | AH4: =SUM(C4:AD4) -> 319.6
A5: TOTAL | C5: =C4 | D5: =D4 | E5: =E4 | F5: =F4 | G5: =G4 -> 20 | H5: =H4 -> 50 | I5: =I4 | J5: =J4 | ... V5: =V4 | W5: =7.5 -> 7.5 | X5: =X4 | Y5: =Y4 -> 50 | Z5: =Z4 | AA5: =AA4 -> 20 | AB5: =AB4 | AC5: =AC4 -> 10 | AD5: =AD4 | AE5: =AE4 -> 15 | ... AH5: =AH4 -> 319.6
A7: Gastos | B7: Comida | I7: 9.1 | K7: 1.3 | L7: 2.7 | M7: 1.3 | N7: 1.3 | O7: =0.43+6.5+1.3+9.95 -> 18.18 | R7: 1.3 | S7: 1.3 | T7: 1.3 | U7: 1.3 | V7: 1.3 | W7: =1.3+21+0.3 -> 22.6 | Y7: =1.3+0.4 -> 1.7 | Z7: 1.3 | AA7: 1.3 | AB7: 1.3 | AC7: =1.3+2.5+3.2+9.5 -> 16.5 | AF7: 1.3 | AG7: 1.3 | AH7: =SUM(C7:AG7) -> 87.68
B8: Combustible | AH8: =SUM(C8:AG8) -> 0
B9: Ropa | M9: 15 | W9: 49.99 | AH9: =SUM(C9:AG9) -> 64.99
B10: Entretenimiento | E10: 9.65 | I10: 3 | P10: 104.98 | AH10: =SUM(C10:AG10) -> 117.63
B11: Tecnología | F11: 8.36 | AA11: =2.99+15.99 -> 18.98 | AC11: =35 -> 35 | AE11: 11.84 | AH11: =SUM(C11:AG11) -> 74.18
B12: Bus | AH12: =SUM(C12:AG12) -> 0
B13: Coche | AF13: 27.78 | AH13: =SUM(C13:AG13) -> 27.78
B14: Salud | M14: 10 | AG14: 4.12 | AH14: =SUM(C14:AG14) -> 14.12
A15: TOTAL | C15: =C7+C8+C9+C10+C11+C12+C13+C14 -> 0 | D15: =D7+D8+D9+D10+D11+D12+D13+D14 -> 0 | E15: =E7+E8+E9+E10+E11+E12+E13+E14 -> 9.65 | F15: =F7+F8+F9+F10+F11+F12+F13+F14 -> 8.36 | G15: =G7+G8+G9+G10+G11+G12+G13+G14 -> 0 | H15: =H7+H8+H9+H10+H11+H12+H13+H14 -> 0 | I15: =I7+I8+I9+I10+I11+I12+I13+I14 -> 12.1 | J15: =J7+J8+J9+J10+J11+J12+J13+J14 -> 0 | ... AG15: =AG7+AG8+AG9+AG10+AG11+AG12+AG13+AG14 -> 5.42 | AH15: =SUM(C15:AG15) -> 386.38
AH19: TOTAL
A20: Ahorros | B20: =905.39 -> 905.39 | C20: =C5-C15+B20 -> 905.39 | D20: =D5-D15+C20 -> 905.39 | E20: =E5-E15+D20 -> 895.74 | F20: =F5-F15+E20 -> 887.38 | G20: =G5-G15+F20 -> 907.38 | H20: =H5-H15+G20 -> 957.38 | I20: =I5-I15+H20 -> 945.28 | J20: =J5-J15+I20 -> 945.28 | ... AG20: =AG5-AG15+AF20 -> 931.11

Sheet Febrero
B3: 0 | C3: 1 | D3: 2 | E3: 3 | F3: 4 | G3: 5 | H3: 6 | I3: 7 | J3: 8 | K3: 9 | L3: 10 | M3: 11 | N3: 12 | O3: 13 | P3: 14 | Q3: 15 | R3: 16 | S3: 17 | T3: 18 | U3: 19 | V3: 20 | W3: 21 | X3: 22 | Y3: 23 | Z3: 24 | AA3: 25 | AB3: 26 | AC3: 27 | AD3: 28
A4: Ingresos | B4: Ingreso | F4: 20 | H4: =3.5+40 -> 43.5 | L4: =14.97+36.99+3.2*2 -> 58.36 | M4: 15 | N4: 50 | P4: =0.36+30 -> 30.36 | V4: 400 | W4: =0.65+10 -> 10.65 | Z4: 165 | AA4: 143.45 | AE4: =SUM(C4:AD4) -> 936.32
A5: TOTAL | C5: =C4 | D5: =D4 | E5: =E4 | F5: =F4 -> 20 | G5: =G4 | H5: =H4 -> 43.5 | I5: =I4 | J5: =J4 | ... AE5: =AE4 -> 936.32
A7: Gastos | B7: Comida | C7: 1.3 | D7: 1.3 | E7: 1.3 | H7: 1.3 | I7: 1.3 | J7: 1.3 | K7: 1.3 | L7: 1.3 | M7: =1+15.82 -> 16.82 | O7: 1.3 | P7: 1.3 | Q7: 1.3 | R7: =2.7+1.2 -> 3.9 | T7: =4+4 -> 8 | V7: 10.37 | W7: =3+5.5 -> 8.5 | Y7: 1.3 | Z7: 22 | AA7: 3 | AC7: 1.3 | AD7: 1.3 | AE7: =SUM(C7:AD7) -> 90.79
B8: Tren | AE8: =SUM(C8:AD8) -> 0
B9: Ropa | L9: 15 | AE9: =SUM(C9:AD9) -> 15
B10: Entretenimiento | C10: 11.84 | H10: 1 | M10: =1.37 -> 1.37 | O10: 10.35 | R10: 2.5 | S10: 12 | T10: 6.55 | W10: =6.5*2+18.2 -> 31.2 | AD10: 29.99 | AE10: =SUM(C10:AD10) -> 106.8
B11: Tecnología | J11: =54.87+93.95 -> 148.82 | K11: 39.99 | L11: 13.99 | X11: 29.99 | Y11: 2.99 | Z11: 15.99 | AE11: =SUM(C11:AD11) -> 251.77
B12: Bus | AE12: =SUM(C12:AD12) -> 0
B13: Coche | M13: 15 | N13: 18 | Q13: 20 | T13: 32.26 | Z13: 20 | AE13: =SUM(C13:AD13) -> 105.26
B14: Salud | C14: 10 | AE14: =SUM(C14:AD14) -> 10
A15: TOTAL | C15: =C7+C8+C9+C10+C11+C12+C13+C14 -> 23.14 | D15: =D7+D8+D9+D10+D11+D12+D13+D14 -> 1.3 | E15: =E7+E8+E9+E10+E11+E12+E13+E14 -> 1.3 | F15: =F7+F8+F9+F10+F11+F12+F13+F14 -> 0 | G15: =G7+G8+G9+G10+G11+G12+G13+G14 -> 0 | H15: =H7+H8+H9+H10+H11+H12+H13+H14 -> 2.3 | I15: =I7+I8+I9+I10+I11+I12+I13+I14 -> 1.3 | J15: =J7+J8+J9+J10+J11+J12+J13+J14 -> 150.12 | ... AD15: =AD7+AD8+AD9+AD10+AD11+AD12+AD13+AD14 -> 31.29 | AE15: =SUM(C15:AD15) -> 579.62
AE19: TOTAL
A20: Ahorros | B20: =Anual!B18 -> 931.11 | C20: =C5-C15+B20 -> 907.97 | D20: =D5-D15+C20 -> 906.67 | E20: =E5-E15+D20 -> 905.37 | F20: =F5-F15+E20 -> 925.37 | G20: =G5-G15+F20 -> 925.37 | H20: =H5-H15+G20 -> 966.57 | I20: =I5-I15+H20 -> 965.27 | J20: =J5-J15+I20 -> 815.15 | ... AE20: =AE5-AE15+AD20 -> 1644.51

Sheet Marzo
B3: 0 | C3: 1 | D3: 2 | E3: 3 | F3: 4 | G3: 5 | H3: 6 | I3: 7 | J3: 8 | K3: 9 | L3: 10 | M3: 11 | N3: 12 | O3: 13 | P3: 14 | Q3: 15 | R3: 16 | S3: 17 | T3: 18 | U3: 19 | V3: 20 | W3: 21 | X3: 22 | Y3: 23 | Z3: 24 | AA3: 25 | AB3: 26 | AC3: 27 | AD3: 28 | AE3: 29 | AF3: 30 | AG3: 31
A4: Ingresos | B4: Ingreso | G4: 50 | I4: 294.41 | L4: 50 | O4: 60 | S4: 50 | Y4: 15 | Z4: 50.78 | AA4: 0.67 | AF4: 50 | AH4: =SUM(C4:AD4) -> 570.86
A5: TOTAL | C5: =C4 | D5: =D4 | E5: =E4 | F5: =F4 | G5: =G4 -> 50 | H5: =H4 | I5: =I4 -> 294.41 | J5: =J4 | ... AH5: =AH4 -> 570.86
A7: Gastos | B7: Comida | C7: 1.3 | D7: 1.3 | E7: 1.3 | H7: 1.3 | I7: 1.3 | K7: 1.3 | L7: =1.3*2 -> 2.6 | O7: 1.3 | P7: 1.3 | T7: 4 | X7: =3.95+5.99 -> 9.94 | AH7: =SUM(C7:AG7) -> 26.94
B8: Tren | AH8: =SUM(C8:AG8) -> 0
B9: Ropa | AH9: =SUM(C9:AG9) -> 0
B10: Entretenimiento | D10: 13.7 | O10: 2.8 | P10: 0.9 | Q10: 12.99 | R10: 4.92 | S10: 7.97 | AH10: =SUM(C10:AG10) -> 43.28
B11: Tecnología | C11: 6.9 | K11: 437.99 | M11: =7.3+43.03 -> 50.33 | X11: 12 | Y11: 2.99 | Z11: 15.99 | AH11: =SUM(C11:AG11) -> 526.2
B12: Bus | AH12: =SUM(C12:AG12) -> 0
B13: Coche | E13: 31.6 | K13: 40 | R13: 30 | Y13: 33.69 | AH13: =SUM(C13:AG13) -> 135.29
B14: Salud | I14: 39 | R14: 10 | AH14: =SUM(C14:AG14) -> 49
A15: TOTAL | C15: =C7+C8+C9+C10+C11+C12+C13+C14 -> 8.2 | D15: =D7+D8+D9+D10+D11+D12+D13+D14 -> 15 | E15: =E7+E8+E9+E10+E11+E12+E13+E14 -> 32.9 | F15: =F7+F8+F9+F10+F11+F12+F13+F14 -> 0 | G15: =G7+G8+G9+G10+G11+G12+G13+G14 -> 0 | H15: =H7+H8+H9+H10+H11+H12+H13+H14 -> 1.3 | I15: =I7+I8+I9+I10+I11+I12+I13+I14 -> 40.3 | J15: =J7+J8+J9+J10+J11+J12+J13+J14 -> 0 | ... AG15: =AG7+AG8+AG9+AG10+AG11+AG12+AG13+AG14 -> 0 | AH15: =SUM(C15:AG15) -> 780.71
AH19: TOTAL
A20: Ahorros | B20: =Anual!C18 -> 1287.81 | C20: =C5-C15+B20 -> 1279.61 | D20: =D5-D15+C20 -> 1264.61 | E20: =E5-E15+D20 -> 1231.71 | F20: =F5-F15+E20 -> 1231.71 | G20: =G5-G15+F20 -> 1281.71 | H20: =H5-H15+G20 -> 1280.41 | I20: =I5-I15+H20 -> 1534.52 | J20: =J5-J15+I20 -> 1534.52 | ... AG20: =AG5-AG15+AF20 -> 1127.96

Sheet Abril
B3: 0 | C3: 1 | D3: 2 | E3: 3 | F3: 4 | G3: 5 | H3: 6 | I3: 7 | J3: 8 | K3: 9 | L3: 10 | M3: 11 | N3: 12 | O3: 13 | P3: 14 | Q3: 15 | R3: 16 | S3: 17 | T3: 18 | U3: 19 | V3: 20 | W3: 21 | X3: 22 | Y3: 23 | Z3: 24 | AA3: 25 | AB3: 26 | AC3: 27 | AD3: 28 | AE3: 29 | AF3: 30 | AG3: 31
A4: Ingresos | B4: Ingreso | D4: =3.2*2 -> 6.4 | E4: =50+0.77 -> 50.77 | G4: 141.09 | H4: =3+45 -> 48 | I4: =8+3+3.5 -> 14.5 | J4: 50 | M4: 7 | N4: =50+0.56+12 -> 62.56 | T4: 50 | V4: 60 | Z4: 7 | AA4: 50 | AC4: 40 | AD4: =50+30 -> 80 | AH4: =SUM(C4:AD4) -> 667.32
A5: TOTAL | C5: =C4 | D5: =D4 -> 6.4 | F5: =F4 | G5: =G4 -> 141.09 | H5: =H4 -> 48 | I5: =I4 -> 14.5 | J5: =J4 -> 50 | K5: =K4 | L5: =L4 | M5: =M4 -> 7 | ... AH5: =AH4 -> 667.32
A7: Gastos | B7: Comida | G7: =19 -> 19 | H7: 27.23 | I7: 21.33 | J7: 2.8 | M7: 12.5 | N7: 25.9 | R7: 16.55 | U7: 16.45 | X7: 3.3 | Y7: =15.36+3.5 -> 18.86 | AA7: 2.99 | AB7: =17.1+0.54 -> 17.64 | AH7: =SUM(C7:AG7) -> 184.55
B8: Tren | AH8: =SUM(C8:AG8) -> 0
B9: Ropa | O9: 69.94 | X9: 6.5 | AH9: =SUM(C9:AG9) -> 76.44
B10: Entretenimiento | G10: =2+16.44+2 -> 20.44 | J10: =12 -> 12 | M10: 6.8 | P10: 12.99 | S10: =4+4.8 -> 8.8 | V10: 5.15 | W10: 17.2 | X10: 21 | Y10: 8 | AC10: 5.18 | AD10: 0.6 | AE10: =23.26+18.48 -> 41.74 | AH10: =SUM(C10:AG10) -> 159.9
B11: Tecnología | G11: =8.28+31.88-21 -> 19.16 | O11: =8.28+31.88 -> 40.16 | P11: 3.95 | V11: =2.99+199.34 -> 202.33 | AE11: 8.96 | AH11: =SUM(C11:AG11) -> 274.56
B12: Bus | AH12: =SUM(C12:AG12) -> 0
B13: Coche | G13: =1+3.71 -> 4.71 | M13: 27.8 | S13: 27.8 | AE13: 30 | AH13: =SUM(C13:AG13) -> 90.31
B14: Salud | O14: 10 | V14: 32 | AC14: 0.98 | AH14: =SUM(C14:AG14) -> 42.98
A15: TOTAL | C15: =C7+C8+C9+C10+C11+C12+C13+C14 -> 0 | D15: =D7+D8+D9+D10+D11+D12+D13+D14 -> 0 | E15: =E7+E8+E9+E10+E11+E12+E13+E14 -> 0 | F15: =F7+F8+F9+F10+F11+F12+F13+F14 -> 0 | G15: =G7+G8+G9+G10+G11+G12+G13+G14 -> 63.31 | H15: =H7+H8+H9+H10+H11+H12+H13+H14 -> 27.23 | I15: =I7+I8+I9+I10+I11+I12+I13+I14 -> 21.33 | J15: =J7+J8+J9+J10+J11+J12+J13+J14 -> 14.8 | ... AG15: =AG7+AG8+AG9+AG10+AG11+AG12+AG13+AG14 -> 0 | AH15: =SUM(C15:AG15) -> 828.74
A20: Ahorros | B20: =Anual!D18 -> 1127.96 | C20: =C5-C15+B20 -> 1127.96 | D20: =D5-D15+C20 -> 1134.36 | E20: =E5-E15+D20 -> 1134.36 | F20: =F5-F15+E20 -> 1134.36 | G20: =G5-G15+F20 -> 1212.14 | H20: =H5-H15+G20 -> 1232.91 | I20: =I5-I15+H20 -> 1226.08 | J20: =J5-J15+I20 -> 1261.28 | ... AG20: =AG5-AG15+AF20 -> 915.77

Sheet Mayo
B3: 0 | C3: 1 | D3: 2 | E3: 3 | F3: 4 | G3: 5 | H3: 6 | I3: 7 | J3: 8 | K3: 9 | L3: 10 | M3: 11 | N3: 12 | O3: 13 | P3: 14 | Q3: 15 | R3: 16 | S3: 17 | T3: 18 | U3: 19 | V3: 20 | W3: 21 | X3: 22 | Y3: 23 | Z3: 24 | AA3: 25 | AB3: 26 | AC3: 27 | AD3: 28 | AE3: 29 | AF3: 30 | AG3: 31
A4: Ingresos | B4: Ingreso | E4: =3.2*3 -> 9.6 | G4: 8.96 | H4: 50 | I4: 40 | M4: 20 | N4: =50+50 -> 100 | R4: =50+10 -> 60 | W4: =50+2.7+3.2 -> 55.9 | Y4: =3.2*2 -> 6.4 | Z4: 60 | AB4: 50 | AD4: 50 | AF4: =0.55+0.01 -> 0.56 | AG4: =10+0.55 -> 10.55 | AH4: =SUM(C4:AD4) -> 510.86
A5: TOTAL | C5: =C4 | D5: =D4 | E5: =E4 -> 9.6 | F5: =F4 | G5: =G4 -> 8.96 | H5: =H4 -> 50 | I5: =I4 -> 40 | J5: =J4 | ... AH5: =AH4 -> 510.86
A7: Gastos | B7: Comida | D7: 2.5 | E7: =12.5+1.9 -> 14.4 | O7: 18.4 | Q7: =5.5+2.5 -> 8 | AA7: 12.21 | AF7: 12.21 | AG7: 16.56 | AH7: =SUM(C7:AG7) -> 84.28
B8: Otros | AH8: =SUM(C8:AG8) -> 0
B9: Ropa | E9: =12.99*2+0.1 -> 26.08 | S9: 57.7 | AE9: 66 | AH9: =SUM(C9:AG9) -> 149.78
B10: Entretenimiento | N10: =1.15+0.2+10.77 -> 12.12 | O10: 12.1 | Q10: =4.99 -> 4.99 | R10: 12.99 | T10: 34.94 | V10: =1+3.5+2 -> 6.5 | Z10: =15.99+2.99 -> 18.98 | AH10: =SUM(C10:AG10) -> 102.62
B11: Tecnología | E11: 15.99 | Z11: 10 | AE11: 2.49 | AH11: =SUM(C11:AG11) -> 28.48
B12: Bus | AH12: =SUM(C12:AG12) -> 0
B13: Coche | F13: 40 | I13: =27.74-0.55 -> 27.19 | AE13: 27.7 | AH13: =SUM(C13:AG13) -> 94.89
B14: Salud | M14: 10 | O14: 27.7 | AH14: =SUM(C14:AG14) -> 37.7
A15: TOTAL | C15: =C7+C8+C9+C10+C11+C12+C13+C14 -> 0 | D15: =D7+D8+D9+D10+D11+D12+D13+D14 -> 2.5 | E15: =E7+E8+E9+E10+E11+E12+E13+E14 -> 56.47 | F15: =F7+F8+F9+F10+F11+F12+F13+F14 -> 40 | G15: =G7+G8+G9+G10+G11+G12+G13+G14 -> 0 | H15: =H7+H8+H9+H10+H11+H12+H13+H14 -> 0 | I15: =I7+I8+I9+I10+I11+I12+I13+I14 -> 27.19 | J15: =J7+J8+J9+J10+J11+J12+J13+J14 -> 0 | ... AG15: =AG7+AG8+AG9+AG10+AG11+AG12+AG13+AG14 -> 16.56 | AH15: =SUM(C15:AG15) -> 497.75
AH19: TOTAL
A20: Ahorros | B20: =Anual!E18 -> 915.77 | C20: =C5-C15+B20 -> 915.77 | D20: =D5-D15+C20 -> 913.27 | E20: =E5-E15+D20 -> 866.4 | F20: =F5-F15+E20 -> 826.4 | G20: =G5-G15+F20 -> 835.36 | H20: =H5-H15+G20 -> 885.36 | I20: =I5-I15+H20 -> 898.17 | J20: =J5-J15+I20 -> 898.17 | ... AG20: =AG5-AG15+AF20 -> 939.99

Sheet Junio
B3: 0 | C3: 1 | D3: 2 | E3: 3 | F3: 4 | G3: 5 | H3: 6 | I3: 7 | J3: 8 | K3: 9 | L3: 10 | M3: 11 | N3: 12 | O3: 13 | P3: 14 | Q3: 15 | R3: 16 | S3: 17 | T3: 18 | U3: 19 | V3: 20 | W3: 21 | X3: 22 | Y3: 23 | Z3: 24 | AA3: 25 | AB3: 26 | AC3: 27 | AD3: 28 | AE3: 29 | AF3: 30 | AG3: 31
A4: Ingresos | B4: Ingreso | D4: 50 | I4: 50 | J4: 50 | K4: 20 | O4: 80 | P4: 50 | U4: 50.55 | V4: 133.93 | X4: 30 | Y4: 50 | AA4: 55 | AB4: 0.65 | AE4: =3.5+3.2+2.7+50 -> 59.4 | AF4: 3.2 | AH4: =SUM(C4:AD4) -> 620.13
A5: TOTAL | C5: =C4 | D5: =D4 -> 50 | E5: =E4 | F5: =F4 | G5: =G4 | H5: =H4 | I5: =I4 -> 50 | J5: =J4 -> 50 | ... AH5: =AH4 -> 620.13
A7: Gastos | B7: Comida | G7: 0.2 | I7: =20.3+5.46 -> 25.76 | J7: 9.63 | K7: 1.3 | U7: 1.3 | V7: 1.75 | X7: 1.8 | Z7: =3.2+6.5 -> 9.7 | AA7: =14.49+7.4 -> 21.89 | AD7: 0.5 | AE7: 1.5 | AG7: =2.5+7.9 -> 10.4 | AH7: =SUM(C7:AG7) -> 85.73
B8: Tren | AH8: =SUM(C8:AG8) -> 0
B9: Ropa | AH9: =SUM(C9:AG9) -> 0
B10: Entretenimiento | D10: 2.39 | I10: 5.6 | K10: =7.27+22.7 -> 29.97 | P10: =5+7.13+12.99 -> 25.12 | X10: 22.08 | Z10: 20 | AC10: 9.9 | AH10: =SUM(C10:AG10) -> 115.06
B11: Tecnología | C11: 2.49 | U11: 4.01 | Y11: 2.99 | Z11: 15.99 | AA11: 9.97 | AH11: =SUM(C11:AG11) -> 35.45
B12: Bus | AH12: =SUM(C12:AG12) -> 0
B13: Coche | O13: 1.5 | P13: =0.8+2.16+70 -> 72.96 | R13: 27.7 | V13: =2.45+94.05+25+9.9 -> 131.4 | W13: 1.95 | AD13: 2.3 | AE13: 38 | AH13: =SUM(C13:AG13) -> 275.81
B14: Salud | J14: 10 | AC14: =32.42+1.73 -> 34.15 | AH14: =SUM(C14:AG14) -> 44.15
A15: TOTAL | C15: =C7+C8+C9+C10+C11+C12+C13+C14 -> 2.49 | D15: =D7+D8+D9+D10+D11+D12+D13+D14 -> 2.39 | E15: =E7+E8+E9+E10+E11+E12+E13+E14 -> 0 | F15: =F7+F8+F9+F10+F11+F12+F13+F14 -> 0 | G15: =G7+G8+G9+G10+G11+G12+G13+G14 -> 0.2 | H15: =H7+H8+H9+H10+H11+H12+H13+H14 -> 0 | I15: =I7+I8+I9+I10+I11+I12+I13+I14 -> 31.36 | J15: =J7+J8+J9+J10+J11+J12+J13+J14 -> 19.63 | ... AG15: =AG7+AG8+AG9+AG10+AG11+AG12+AG13+AG14 -> 10.4 | AH15: =SUM(C15:AG15) -> 556.2
AH19: TOTAL
A20: Ahorros | B20: =Anual!F18 -> 939.99 | C20: =C5-C15+B20 -> 937.5 | D20: =D5-D15+C20 -> 985.11 | E20: =E5-E15+D20 -> 985.11 | F20: =F5-F15+E20 -> 985.11 | G20: =G5-G15+F20 -> 984.91 | H20: =H5-H15+G20 -> 984.91 | I20: =I5-I15+H20 -> 1003.55 | J20: =J5-J15+I20 -> 1033.92 | ... AG20: =AG5-AG15+AF20 -> 1066.52
K23: 1175
K24: 137.47
K25: =K23+K24 -> 1312.47
K26: 100
K27: =K25+K26 -> 1412.47
L44: 1513
L50: =L44*2/22*6 -> 825.27273

Sheet Julio
B3: 0 | C3: 1 | D3: 2 | E3: 3 | F3: 4 | G3: 5 | H3: 6 | I3: 7 | J3: 8 | K3: 9 | L3: 10 | M3: 11 | N3: 12 | O3: 13 | P3: 14 | Q3: 15 | R3: 16 | S3: 17 | T3: 18 | U3: 19 | V3: 20 | W3: 21 | X3: 22 | Y3: 23 | Z3: 24 | AA3: 25 | AB3: 26 | AC3: 27 | AD3: 28 | AE3: 29 | AF3: 30 | AG3: 31
A4: Ingresos | B4: Ingreso | D4: =6.99+11 -> 17.99 | E4: 50 | I4: 50.55 | L4: =68.77+61.76+15 -> 145.53 | M4: =20+0.56 -> 20.56 | O4: 50 | T4: =19.99+50 -> 69.99 | U4: 20 | V4: 20 | X4: 2.7 | Y4: =50+3+6.4 -> 59.4 | Z4: =3.2+46.35+40.48 -> 90.03 | AA4: =11+0.65 -> 11.65 | AB4: 4.9 | AC4: =30+20+780.91 -> 830.91 | AD4: 50 | AH4: =SUM(C4:AD4) -> 1494.21
A5: TOTAL | C5: =C4 | D5: =D4 -> 17.99 | E5: =E4 -> 50 | F5: =F4 | G5: =G4 | H5: =H4 | I5: =I4 -> 50.55 | J5: =J4 | ... AH5: =AH4 -> 1494.21
A7: Gastos | B7: Comida | C7: =2.5+3.5 -> 6 | D7: 2.7 | L7: 12 | O7: 14.1 | P7: 2.5 | S7: 18.4 | V7: 10.3 | W7: 2.2 | Z7: =2.5+19.75 -> 22.25 | AD7: =40.98-7-17.3-7+6.3 -> 15.98 | AH7: =SUM(C7:AG7) -> 106.43
B8: Tren | AH8: =SUM(C8:AG8) -> 0
B9: Ropa | AH9: =SUM(C9:AG9) -> 0
B10: Entretenimiento | C10: =4+17.53 -> 21.53 | I10: =7.5+3.5+2.2 -> 13.2 | P10: 12.99 | W10: 10.69 | AB10: =2.98+12.49 -> 15.47 | AE10: =8+9 -> 17 | AH10: =SUM(C10:AG10) -> 90.88
B11: Tecnología | W11: =2.98+12.45 -> 15.43 | AA11: 2.99 | AB11: 15.99 | AH11: =SUM(C11:AG11) -> 34.41
B12: Bus | AH12: =SUM(C12:AG12) -> 0
B13: Coche | G13: 27.8 | H13: =53.99+27.69 -> 81.68 | I13: 57 | J13: 72.72 | M13: 48.88 | U13: =37.05+0.74 -> 37.79 | W13: =0.45+0.55 -> 1 | Z13: =4.55+32.5 -> 37.05 | AB13: 95 | AD13: 2.15 | AF13: 46.5 | AH13: =SUM(C13:AG13) -> 507.57
B14: Salud | AD14: 12 | AH14: =SUM(C14:AG14) -> 12
A15: TOTAL | C15: =C7+C8+C9+C10+C11+C12+C13+C14 -> 27.53 | D15: =D7+D8+D9+D10+D11+D12+D13+D14 -> 2.7 | E15: =E7+E8+E9+E10+E11+E12+E13+E14 -> 0 | F15: =F7+F8+F9+F10+F11+F12+F13+F14 -> 0 | G15: =G7+G8+G9+G10+G11+G12+G13+G14 -> 27.8 | H15: =H7+H8+H9+H10+H11+H12+H13+H14 -> 81.68 | I15: =I7+I8+I9+I10+I11+I12+I13+I14 -> 70.2 | J15: =J7+J8+J9+J10+J11+J12+J13+J14 -> 72.72 | ... AG15: =AG7+AG8+AG9+AG10+AG11+AG12+AG13+AG14 -> 0 | AH15: =SUM(C15:AG15) -> 751.29
AH19: TOTAL
A20: Ahorros | B20: =Anual!G18 -> 1066.52 | C20: =C5-C15+B20 -> 1038.99 | D20: =D5-D15+C20 -> 1054.28 | E20: =E5-E15+D20 -> 1104.28 | F20: =F5-F15+E20 -> 1104.28 | G20: =G5-G15+F20 -> 1076.48 | H20: =H5-H15+G20 -> 994.8 | I20: =I5-I15+H20 -> 975.15 | J20: =J5-J15+I20 -> 902.43 | ... AH20: =AH5-AH15+AG20 -> 2552.36
Y24: 130

Sheet Agosto
B3: 0 | C3: 1 | D3: 2 | E3: 3 | F3: 4 | G3: 5 | H3: 6 | I3: 7 | J3: 8 | K3: 9 | L3: 10 | M3: 11 | N3: 12 | O3: 13 | P3: 14 | Q3: 15 | R3: 16 | S3: 17 | T3: 18 | U3: 19 | V3: 20 | W3: 21 | X3: 22 | Y3: 23 | Z3: 24 | AA3: 25 | AB3: 26 | AC3: 27 | AD3: 28 | AE3: 29 | AF3: 30 | AG3: 31
A4: Ingresos | B4: Ingreso | C4: 0.93 | G4: =50+20 -> 70 | J4: =65.38+38.65+50 -> 154.03 | L4: 0.65 | M4: =19.98+29.99 -> 49.97 | N4: 50 | V4: 20 | W4: =50+30 -> 80 | X4: 7 | AA4: =3.2 -> 3.2 | AB4: 2.7 | AC4: 7 | AF4: 955.59 | AH4: =SUM(C4:AG4) -> 1401.07
A5: TOTAL | C5: =C4 -> 0.93 | D5: =D4 | E5: =E4 | F5: =F4 | G5: =G4 -> 70 | H5: =H4 | I5: =I4 | J5: =J4 -> 154.03 | ... AH5: =AH4 -> 1401.07
A7: Gastos | B7: Comida | P7: 7.96 | Q7: 31.13 | T7: 7.96 | V7: =25-12.5 -> 12.5 | W7: 5.45 | X7: 14 | AA7: 14.89 | AC7: 4.7 | AD7: 4.65 | AG7: =40.5-20.25 -> 20.25 | AH7: =SUM(C7:AG7) -> 123.49
B8: Tren | AH8: =SUM(C8:AG8) -> 0
B9: Ropa | AH9: =SUM(C9:AG9) -> 0
B10: Entretenimiento | V10: 6.9 | Y10: 36 | Z10: 50 | AH10: =SUM(C10:AG10) -> 92.9
B11: Tecnología | D11: 2.49 | M11: 104.96 | S11: 12.99 | Y11: =2.99+14.4 -> 17.39 | Z11: 15.99 | AG11: 2.49 | AH11: =SUM(C11:AG11) -> 156.31
B12: Bus | AH12: =SUM(C12:AG12) -> 0
B13: Coche | G13: 25.01 | K13: 32.55 | P13: 45 | U13: 35 | W13: 27.06 | AD13: 30 | AH13: =SUM(C13:AG13) -> 194.62
B14: Salud | AH14: =SUM(C14:AG14) -> 0
A15: TOTAL | C15: =C7+C8+C9+C10+C11+C12+C13+C14 -> 0 | D15: =D7+D8+D9+D10+D11+D12+D13+D14 -> 2.49 | E15: =E7+E8+E9+E10+E11+E12+E13+E14 -> 0 | F15: =F7+F8+F9+F10+F11+F12+F13+F14 -> 0 | G15: =G7+G8+G9+G10+G11+G12+G13+G14 -> 25.01 | H15: =H7+H8+H9+H10+H11+H12+H13+H14 -> 0 | I15: =I7+I8+I9+I10+I11+I12+I13+I14 -> 0 | J15: =J7+J8+J9+J10+J11+J12+J13+J14 -> 0 | ... AG15: =AG7+AG8+AG9+AG10+AG11+AG12+AG13+AG14 -> 22.74 | AH15: =SUM(C15:AG15) -> 567.32
AH19: TOTAL
A20: Ahorros | B20: =Anual!H18 -> 1809.44 | C20: =C5-C15+B20 -> 1810.37 | D20: =D5-D15+C20 -> 1807.88 | E20: =E5-E15+D20 -> 1807.88 | F20: =F5-F15+E20 -> 1807.88 | G20: =G5-G15+F20 -> 1852.87 | H20: =H5-H15+G20 -> 1852.87 | I20: =I5-I15+H20 -> 1852.87 | J20: =J5-J15+I20 -> 2006.9 | ... AG20: =AG5-AG15+AF20 -> 2643.19

Sheet Septiembre
B3: 0 | C3: 1 | D3: 2 | E3: 3 | F3: 4 | G3: 5 | H3: 6 | I3: 7 | J3: 8 | K3: 9 | L3: 10 | M3: 11 | N3: 12 | O3: 13 | P3: 14 | Q3: 15 | R3: 16 | S3: 17 | T3: 18 | U3: 19 | V3: 20 | W3: 21 | X3: 22 | Y3: 23 | Z3: 24 | AA3: 25 | AB3: 26 | AC3: 27 | AD3: 28 | AE3: 29 | AF3: 30 | AG3: 31
A4: Ingresos | B4: Ingreso | D4: 50 | E4: 50 | L4: 50 | R4: 30 | T4: 50 | W4: 3 | X4: =5.2+3.6+5.2+7 -> 21 | Y4: 5.2 | Z4: 50 | AA4: =2+40.4 -> 42.4 | AB4: 1.5 | AC4: 2 | AD4: =3.6+1.2 -> 4.8 | AE4: 980.34 | AH4: =SUM(C4:AG4) -> 1340.24
A5: TOTAL | C5: =C4 | D5: =D4 -> 50 | E5: =E4 -> 50 | F5: =F4 | G5: =G4 | H5: =H4 | I5: =I4 | J5: =J4 | ... AH5: =AH4 -> 1340.24
A7: Gastos | B7: Comida | C7: =3.2+4.2 -> 7.4 | D7: =24.94-7.25*2 -> 10.44 | I7: 3.29 | J7: =2.3+6.35 -> 8.65 | K7: 15.91 | L7: =11.4-4.5 -> 6.9 | M7: 5 | N7: =6.99+6.99 -> 13.98 | P7: =2.3+8.5-5+6.18 -> 11.98 | R7: =8-4 -> 4 | X7: =34.1+1.2+3.8 -> 39.1 | Z7: =6.5+3.5+2.1+7.2+27.9 -> 47.2 | AA7: =1.3+1.4+1.11 -> 3.81 | AB7: 1.4 | AC7: =1.11+1.89 -> 3 | AD7: 4.35 | AE7: 1.4 | AH7: =SUM(C7:AG7) -> 187.81
B8: Tren | AH8: =SUM(C8:AG8) -> 0
B9: Ropa | Y9: 4.99 | AH9: =SUM(C9:AG9) -> 4.99
B10: Entretenimiento | D10: =12+7.9 -> 19.9 | F10: =1.9 -> 1.9 | H10: 41.89 | J10: =10.5+10+9.9 -> 30.4 | K10: 3.2 | L10: =7.5+10.56 -> 18.06 | N10: 12 | S10: =20.8-15.8 -> 5 | W10: =20.8-7-7.1-7.02 -> -0.32 | X10: 4.6 | AC10: 20.8 | AH10: =SUM(C10:AG10) -> 157.43
B11: Tecnología | P11: 12.99 | Y11: 2.99 | AH11: =SUM(C11:AG11) -> 15.98
B12: Bus | AH12: =SUM(C12:AG12) -> 0
B13: Coche | D13: 35 | F13: =3.5+198 -> 201.5 | G13: 35 | M13: 35 | R13: =45+3.2+0.5 -> 48.7 | Z13: 35 | AH13: =SUM(C13:AG13) -> 390.2
B14: Salud | H14: 23.8 | J14: 2.94 | O14: 12 | AH14: =SUM(C14:AG14) -> 38.74
A15: TOTAL | C15: =C7+C8+C9+C10+C11+C12+C13+C14 -> 7.4 | D15: =D7+D8+D9+D10+D11+D12+D13+D14 -> 65.34 | E15: =E7+E8+E9+E10+E11+E12+E13+E14 -> 0 | F15: =F7+F8+F9+F10+F11+F12+F13+F14 -> 203.4 | G15: =G7+G8+G9+G10+G11+G12+G13+G14 -> 35 | H15: =H7+H8+H9+H10+H11+H12+H13+H14 -> 65.69 | I15: =I7+I8+I9+I10+I11+I12+I13+I14 -> 3.29 | J15: =J7+J8+J9+J10+J11+J12+J13+J14 -> 41.99 | ... AG15: =AG7+AG8+AG9+AG10+AG11+AG12+AG13+AG14 -> 0 | AH15: =SUM(C15:AG15) -> 795.15
AH19: TOTAL
A20: Ahorros | B20: =Anual!I18 -> 2643.19 | C20: =C5-C15+B20 -> 2635.79 | D20: =D5-D15+C20 -> 2620.45 | E20: =E5-E15+D20 -> 2670.45 | F20: =F5-F15+E20 -> 2467.05 | G20: =G5-G15+F20 -> 2432.05 | H20: =H5-H15+G20 -> 2366.36 | I20: =I5-I15+H20 -> 2363.07 | J20: =J5-J15+I20 -> 2321.08 | ... AH20: =AH5-AH15+AG20 -> 3733.37

Sheet Octubre
B3: 0 | C3: 1 | D3: 2 | E3: 3 | F3: 4 | G3: 5 | H3: 6 | I3: 7 | J3: 8 | K3: 9 | L3: 10 | M3: 11 | N3: 12 | O3: 13 | P3: 14 | Q3: 15 | R3: 16 | S3: 17 | T3: 18 | U3: 19 | V3: 20 | W3: 21 | X3: 22 | Y3: 23 | Z3: 24 | AA3: 25 | AB3: 26 | AC3: 27 | AD3: 28 | AE3: 29 | AF3: 30 | AG3: 31
A4: Ingresos | B4: Ingreso | D4: 2 | E4: 2 | F4: 2 | G4: 1.2 | H4: 20 | I4: =50-33 -> 17 | J4: 50 | K4: =50+10 -> 60 | R4: =50+50+25 -> 125 | X4: 50 | Y4: 7.2 | AA4: 6 | AE4: 50 | AH4: =SUM(C4:AD4) -> 342.4
A5: TOTAL | C5: =C4 | D5: =D4 -> 2 | E5: =E4 -> 2 | F5: =F4 -> 2 | G5: =G4 -> 1.2 | H5: =H4 -> 20 | I5: =I4 -> 17 | J5: =J4 -> 50 | ... AH5: =AH4 -> 342.4
A7: Gastos | B7: Comida | D7: =4.35+1.11 -> 5.46 | E7: =1.4+1.7 -> 3.1 | F7: 1.4 | G7: =1.2+3.9 -> 5.1 | H7: 4.35 | I7: 20 | K7: =1.4+4.49 -> 5.89 | L7: 1.4 | M7: 1.4 | O7: =7.44-2.55+2.75 -> 7.64 | P7: =7.41-3.7 -> 3.71 | Q7: 9.8 | R7: 3.9 | S7: 1.4 | T7: 1.4 | U7: 1.4 | V7: =4.2+2.2+3.1 -> 9.5 | Y7: =0.72+1.4 -> 2.12 | Z7: 1.4 | AA7: =6.56+1.4 -> 7.96 | AB7: =2.5+4.35 -> 6.85 | AC7: =1.8 -> 1.8 | AH7: =SUM(C7:AG7) -> 106.98
B8: Tren | AH8: =SUM(C8:AG8) -> 0
B9: Ropa | AH9: =SUM(C9:AG9) -> 0
B10: Entretenimiento | G10: 5 | N10: =140+25 -> 165 | W10: 5 | AH10: =SUM(C10:AG10) -> 175
B11: Tecnología | K11: =37.44 -> 37.44 | M11: 37.59 | O11: 47.73 | P11: 12.99 | X11: =-3.2-3.6-3.6 -> -10.4 | AA11: =2.99+17.99 -> 20.98 | AH11: =SUM(C11:AG11) -> 146.33
B12: Bus | AH12: =SUM(C12:AG12) -> 0
B13: Coche | F13: 1.95 | K13: 45 | Q13: 2.7 | R13: =1.2+30 -> 31.2 | AC13: 30 | AH13: =SUM(C13:AG13) -> 110.85
B14: Salud | L14: 12 | M14: 1.1 | AH14: =SUM(C14:AG14) -> 13.1
A15: TOTAL | C15: =C7+C8+C9+C10+C11+C12+C13+C14 -> 0 | D15: =D7+D8+D9+D10+D11+D12+D13+D14 -> 5.46 | E15: =E7+E8+E9+E10+E11+E12+E13+E14 -> 3.1 | F15: =F7+F8+F9+F10+F11+F12+F13+F14 -> 3.35 | G15: =G7+G8+G9+G10+G11+G12+G13+G14 -> 10.1 | H15: =H7+H8+H9+H10+H11+H12+H13+H14 -> 4.35 | I15: =I7+I8+I9+I10+I11+I12+I13+I14 -> 20 | J15: =J7+J8+J9+J10+J11+J12+J13+J14 -> 0 | ... AG15: =AG7+AG8+AG9+AG10+AG11+AG12+AG13+AG14 -> 0 | AH15: =SUM(C15:AG15) -> 552.26
AH19: TOTAL
A20: Ahorros | B20: =Anual!J18 -> 3188.28 | C20: =C5-C15+B20 -> 3188.28 | D20: =D5-D15+C20 -> 3184.82 | E20: =E5-E15+D20 -> 3183.72 | F20: =F5-F15+E20 -> 3182.37 | G20: =G5-G15+F20 -> 3173.47 | H20: =H5-H15+G20 -> 3189.12 | I20: =I5-I15+H20 -> 3186.12 | J20: =J5-J15+I20 -> 3236.12 | ... AH20: =AH5-AH15+AG20 -> 2818.56

Sheet Noviembre
B3: 0 | C3: 1 | D3: 2 | E3: 3 | F3: 4 | G3: 5 | H3: 6 | I3: 7 | J3: 8 | K3: 9 | L3: 10 | M3: 11 | N3: 12 | O3: 13 | P3: 14 | Q3: 15 | R3: 16 | S3: 17 | T3: 18 | U3: 19 | V3: 20 | W3: 21 | X3: 22 | Y3: 23 | Z3: 24 | AA3: 25 | AB3: 26 | AC3: 27 | AD3: 28 | AE3: 29 | AF3: 30 | AG3: 31
A4: Ingresos | B4: Ingreso | E4: 100 | G4: 50 | J4: 50 | N4: 50 | U4: 50 | X4: =3+6 -> 9 | Z4: 3 | AB4: 50 | AH4: =SUM(C4:AD4) -> 362
A5: TOTAL | C5: =C4 | D5: =D4 | E5: =E4 -> 100 | F5: =F4 | G5: =G4 -> 50 | H5: =H4 | I5: =I4 | J5: =J4 -> 50 | ... AH5: =AH4 -> 362
A7: Gastos | B7: Comida | D7: =1.4+1.4 -> 2.8 | E7: 1.4 | H7: 1.4 | I7: =1.4+1.5+3.99 -> 6.89 | J7: 1.3 | K7: 1.5 | L7: =1.4 -> 1.4 | M7: =3.2+11.95+12.69 -> 27.84 | O7: =1.5+1.5 -> 3 | P7: 1.5 | R7: 3.9 | S7: 1.5 | V7: 4.35 | W7: 1.5 | X7: 6.71 | Y7: 1.4 | Z7: 5.3 | AA7: =14 -> 14 | AH7: =SUM(C7:AG7) -> 87.69
B8: Tren | AH8: =SUM(C8:AG8) -> 0
B9: Ropa | AH9: =SUM(C9:AG9) -> 0
B10: Entretenimiento | V10: 10 | AH10: =SUM(C10:AG10) -> 10
B11: Tecnología | C11: 2.49 | Q11: 12.99 | Z11: 17.99 | AH11: =SUM(C11:AG11) -> 33.47
B12: Bus | AH12: =SUM(C12:AG12) -> 0
B13: Coche | L13: 120 | M13: =2.95-0.65 -> 2.3 | O13: 30 | AB13: 30 | AH13: =SUM(C13:AG13) -> 182.3
B14: Salud | J14: 12 | AH14: =SUM(C14:AG14) -> 12
A15: TOTAL | C15: =C7+C8+C9+C10+C11+C12+C13+C14 -> 2.49 | D15: =D7+D8+D9+D10+D11+D12+D13+D14 -> 2.8 | E15: =E7+E8+E9+E10+E11+E12+E13+E14 -> 1.4 | F15: =F7+F8+F9+F10+F11+F12+F13+F14 -> 0 | G15: =G7+G8+G9+G10+G11+G12+G13+G14 -> 0 | H15: =H7+H8+H9+H10+H11+H12+H13+H14 -> 1.4 | I15: =I7+I8+I9+I10+I11+I12+I13+I14 -> 6.89 | J15: =J7+J8+J9+J10+J11+J12+J13+J14 -> 13.3 | ... AG15: =AG7+AG8+AG9+AG10+AG11+AG12+AG13+AG14 -> 0 | AH15: =SUM(C15:AG15) -> 325.46
AH19: TOTAL
A20: Ahorros | B20: =Anual!K18 -> 3028.42 | C20: =C5-C15+B20 -> 3025.93 | D20: =D5-D15+C20 -> 3023.13 | E20: =E5-E15+D20 -> 3121.73 | F20: =F5-F15+E20 -> 3121.73 | G20: =G5-G15+F20 -> 3171.73 | H20: =H5-H15+G20 -> 3170.33 | I20: =I5-I15+H20 -> 3163.44 | J20: =J5-J15+I20 -> 3200.14 | ... AH20: =AH5-AH15+AG20 -> 3101.5
AC29: =AC20-730 -> 2334.96

Sheet Diciembre
B3: 0 | C3: 1 | D3: 2 | E3: 3 | F3: 4 | G3: 5 | H3: 6 | I3: 7 | J3: 8 | K3: 9 | L3: 10 | M3: 11 | N3: 12 | O3: 13 | P3: 14 | Q3: 15 | R3: 16 | S3: 17 | T3: 18 | U3: 19 | V3: 20 | W3: 21 | X3: 22 | Y3: 23 | Z3: 24 | AA3: 25 | AB3: 26 | AC3: 27 | AD3: 28 | AE3: 29 | AF3: 30 | AG3: 31
A4: Ingresos | B4: Ingreso | C4: =10+20+20 -> 50 | D4: 50 | F4: 120 | I4: 60 | L4: 50 | M4: 11 | Q4: 1.5 | S4: 50 | U4: 8 | Y4: =3+3+3.2 -> 9.2 | Z4: =6+200 -> 206 | AB4: =6+25 -> 31 | AC4: =6.5+3.5+2.4+50 -> 62.4 | AD4: 20 | AF4: =20+50 -> 70 | AH4: =SUM(C4:AD4) -> 729.1
A5: TOTAL | C5: =C4 -> 50 | D5: =D4 -> 50 | E5: =E4 | F5: =F4 -> 120 | G5: =G4 | H5: =H4 | I5: =I4 -> 60 | J5: =J4 | ... AH5: =AH4 -> 729.1
A7: Gastos | B7: Comida | G7: =4.35+3.9 -> 8.25 | H7: 5.69 | I7: 8.25 | M7: 6.85 | O7: =1.4+1.4 -> 2.8 | P7: 1.7 | Q7: =4.35 -> 4.35 | U7: =1.4+10 -> 11.4 | AD7: 20 | AH7: =SUM(C7:AG7) -> 69.29
B8: Tren | AH8: =SUM(C8:AG8) -> 0
B9: Ropa | AH9: =SUM(C9:AG9) -> 0
B10: Entretenimiento | N10: 3.62 | O10: 20 | U10: =8+8+2.3+2.3+7 -> 27.6 | X10: 5.5 | AC10: =15.4+4.8+3 -> 23.2 | AE10: 7.15 | AH10: =SUM(C10:AG10) -> 87.07
B11: Tecnología | D11: 2.49 | O11: 2.99 | P11: =12.99+1.8 -> 14.79 | V11: 14.44 | AC11: 17.99 | AD11: 7.15 | AF11: 49.49 | AH11: =SUM(C11:AG11) -> 109.34
B12: Bus | AH12: =SUM(C12:AG12) -> 0
B13: Coche/Moto | C13: 1.95 | M13: 30 | Y13: =500+500 -> 1000 | Z13: 500 | AD13: =337.46+92.95 -> 430.41 | AE13: 21.97 | AF13: 263.89 | AH13: =SUM(C13:AG13) -> 2248.22
B14: Salud | AH14: =SUM(C14:AG14) -> 0
A15: TOTAL | C15: =C7+C8+C9+C10+C11+C12+C13+C14 -> 1.95 | D15: =D7+D8+D9+D10+D11+D12+D13+D14 -> 2.49 | E15: =E7+E8+E9+E10+E11+E12+E13+E14 -> 0 | F15: =F7+F8+F9+F10+F11+F12+F13+F14 -> 0 | G15: =G7+G8+G9+G10+G11+G12+G13+G14 -> 8.25 | H15: =H7+H8+H9+H10+H11+H12+H13+H14 -> 5.69 | I15: =I7+I8+I9+I10+I11+I12+I13+I14 -> 8.25 | J15: =J7+J8+J9+J10+J11+J12+J13+J14 -> 0 | ... AG15: =AG7+AG8+AG9+AG10+AG11+AG12+AG13+AG14 -> 0 | AH15: =SUM(C15:AG15) -> 2513.92
AH19: TOTAL
A20: Ahorros | B20: =Anual!L18 -> 3064.96 | C20: =C5-C15+B20 -> 3113.01 | D20: =D5-D15+C20 -> 3160.52 | E20: =E5-E15+D20 -> 3160.52 | F20: =F5-F15+E20 -> 3280.52 | G20: =G5-G15+F20 -> 3272.27 | H20: =H5-H15+G20 -> 3266.58 | I20: =I5-I15+H20 -> 3318.33 | J20: =J5-J15+I20 -> 3318.33 | ... AG20: =AG5-AG15+AF20 -> 1350.14
N28: =9.5*0.4 -> 3.8 | O28: =9*0.6 -> 5.4 | P28: =N28+O28 -> 9.2
