Workbook

Sheet Anual
B1: 2024
B3: Enero | C3: Febrero | D3: Marzo | E3: Abril | F3: Mayo | G3: Junio | H3: Julio | I3: Agosto | J3: Septiembre | K3: Octubre | L3: Noviembre | M3: Diciembre | O3: Media
A4: Ahorros | B4: =Enero!$B$20 -> 987.49 | C4: =Febrero!$B$20 -> 1116.11 | D4: =Marzo!$B$20 -> 1412.68 | E4: =Abril!$B$20 -> 1932.43 | F4: =Mayo!$B$20 -> 2041.1287 | G4: =Junio!$B$20 -> 2068.9287 | H4: =Julio!$B$20 -> 2472.8387 | I4: =Agosto!$B$20 -> 3320.0687 | J4: =Septiembre!$B$20 -> 3811.1587 | K4: =Octubre!$B$20 -> 3532.5887 | L4: =Noviembre!$B$20 -> 3350.9787 | M4: =Diciembre!$B$20 -> 3328.8087 | O4: =SUM(B4:M4)/12 -> 2447.9341
A5: Ingreso | B5: =Enero!AH4 -> 393.6 | C5: =Febrero!AF4 -> 860.6 | D5: =Marzo!AH4 -> 982.83 | E5: =Abril!AH4 -> 581.33 | F5: =Mayo!AH4 -> 487 | G5: =Junio!AH4 -> 886.28 | H5: =Julio!AH4 -> 1442.89 | I5: =Agosto!AH4 -> 1962.34 | J5: =Septiembre!AH4 -> 323.42 | K5: =Octubre!AH4 -> 430 | L5: =Noviembre!AG4 -> 385 | M5: =Diciembre!AH4 -> 927.6 | N5: =SUM(B5:M5) -> 9662.89 | O5: =SUM(B5:M5)/12 -> 805.24083
A6: TOTAL | B6: =SUM(B4:B5) -> 1381.09 | C6: =SUM(C4:C5) -> 1976.71 | D6: =SUM(D4:D5) -> 2395.51 | E6: =SUM(E4:E5) -> 2513.76 | F6: =SUM(F4:F5) -> 2528.1287 | G6: =SUM(G4:G5) -> 2955.2087 | H6: =SUM(H4:H5) -> 3915.7287 | I6: =SUM(I4:I5) -> 5282.4087 | ... M6: =SUM(M4:M5) -> 4256.4087
A8: Comida | B8: =Enero!$AH7 -> 45.49 | C8: =Febrero!$AF7 -> 54.4 | D8: =Marzo!$AH7 -> 139.58 | E8: =Abril!$AH7 -> 95.5013 | F8: =Mayo!$AH7 -> 94.81 | G8: =Junio!$AH7 -> 113.32 | H8: =Julio!$AH7 -> 107.42 | I8: =Agosto!$AH7 -> 129.77 | J8: =Septiembre!$AH7 -> 128.33 | K8: =Octubre!$AH7 -> 124.12 | L8: =Noviembre!$AG7 -> 174.53 | M8: =Diciembre!$AH7 -> 173.44 | N8: =SUM(B8:M8) -> 1380.7113 | O8: =SUM(B8:M8)/10 -> 138.07113
A9: Ropa | B9: =Enero!$AH8 -> 33.08 | C9: =Febrero!$AF8 -> 42.15 | D9: =Marzo!$AH8 -> 0 | E9: =Abril!$AH8 -> 20 | F9: =Mayo!$AH8 -> 52.03 | G9: =Junio!$AH8 -> 59.02 | H9: =Julio!$AH8 -> 108.34 | I9: =Agosto!$AH8 -> 95.79 | J9: =Septiembre!$AH8 -> 179.07 | K9: =Octubre!$AH8 -> 0 | L9: =Noviembre!$AG8 -> 0 | M9: =Diciembre!$AH8 -> 37.82 | N9: =SUM(B9:M9) -> 627.3 | O9: =SUM(B9:M9)/10 -> 62.73
A10: Entretenimiento | B10: =Enero!$AH9 -> 0 | C10: =Febrero!$AF9 -> 154.24 | D10: =Marzo!$AH9 -> 48.26 | E10: =Abril!$AH9 -> 94.35 | F10: =Mayo!$AH9 -> 0 | G10: =Junio!$AH9 -> 6.2 | H10: =Julio!$AH9 -> 11.47 | I10: =Agosto!$AH9 -> 105.85 | J10: =Septiembre!$AH9 -> 170.38 | K10: =Octubre!$AH9 -> 0 | L10: =Noviembre!$AG9 -> 77.38 | M10: =Diciembre!$AH9 -> 134.54 | N10: =SUM(B10:M10) -> 802.67 | O10: =SUM(B10:M10)/10 -> 80.267
A11: Tecnología | B11: =Enero!$AH10 -> 36.69 | C11: =Febrero!$AF10 -> 122.12 | D11: =Marzo!$AH10 -> 71.53 | E11: =Abril!$AH10 -> 50.44 | F11: =Mayo!$AH10 -> 64.19 | G11: =Junio!$AH10 -> 156.92 | H11: =Julio!$AH10 -> 68.63 | I11: =Agosto!$AH10 -> 33.97 | J11: =Septiembre!$AH10 -> 38.44 | K11: =Octubre!$AH10 -> 4.38 | L11: =Noviembre!$AG10 -> 20.94 | M11: =Diciembre!$AH10 -> 312.65 | N11: =SUM(B11:M11) -> 980.9 | O11: =SUM(B11:M11)/10 -> 98.09
A12: Coche | B12: =Enero!$AH11 -> 60 | C12: =Febrero!$AF11 -> 95 | D12: =Marzo!$AH11 -> 65.64 | E12: =Abril!$AH11 -> 71.47 | F12: =Mayo!$AH11 -> 90 | G12: =Junio!$AH11 -> 37 | H12: =Julio!$AH11 -> 82.05 | I12: =Agosto!$AH11 -> 127.3 | J12: =Septiembre!$AH11 -> 69.45 | K12: =Octubre!$AH11 -> 94.1 | L12: =Noviembre!$AG11 -> 100.4 | M12: =Diciembre!$AH11 -> 97.1 | N12: =SUM(B12:M12) -> 989.51 | O12: =SUM(B12:M12)/10 -> 98.951
A13: Moto | B13: =Enero!$AH12 -> 0 | C13: =Febrero!$AF12 -> 19.81 | D13: =Marzo!$AH12 -> 17.27 | E13: =Abril!$AH12 -> 67.38 | F13: =Mayo!$AH12 -> 41.45 | G13: =Junio!$AH12 -> 62.32 | H13: =Julio!$AH12 -> 15.45 | I13: =Agosto!$AH12 -> 44.41 | J13: =Septiembre!$AH12 -> 9.68 | K13: =Octubre!$AH12 -> 13.05 | L13: =Noviembre!$AG12 -> 12.97 | M13: =Diciembre!$AH12 -> 550 | N13: =SUM(B13:M13) -> 853.79 | O13: =SUM(B13:M13)/10 -> 85.379
A14: Piezas/Recambios | B14: =Enero!$AH13 -> 77.72 | C14: =Febrero!$AF13 -> 64.31 | D14: =Marzo!$AH13 -> 120.8 | E14: =Abril!$AH13 -> 70.99 | F14: =Mayo!$AH13 -> 86.08 | G14: =Junio!$AH13 -> 5.47 | H14: =Julio!$AH13 -> 202.3 | I14: =Agosto!$AH13 -> 872.25 | J14: =Septiembre!$AH13 -> 0 | K14: =Octubre!$AH13 -> 341.96 | L14: =Noviembre!$AG13 -> 0 | M14: =Diciembre!$AH13 -> 0 | N14: =SUM(B14:M14) -> 1841.88 | O14: =SUM(B14:M14)/10 -> 184.188
A15: Salud | B15: =Enero!$AH14 -> 12 | C15: =Febrero!$AF14 -> 12 | D15: =Marzo!$AH14 -> 0 | E15: =Abril!$AH14 -> 7.5 | F15: =Mayo!$AH14 -> 30.64 | G15: =Junio!$AH14 -> 55.72 | H15: =Julio!$AH14 -> 0 | I15: =Agosto!$AH14 -> 61.91 | J15: =Septiembre!$AH14 -> 6.64 | K15: =Octubre!$AH14 -> 34 | L15: =Noviembre!$AG14 -> 20.95 | M15: =Diciembre!$AH14 -> 12 | N15: =SUM(B15:M15) -> 253.36 | O15: =SUM(B15:M15)/10 -> 25.336
A16: TOTAL | B16: =SUM(B8:B15) -> 264.98 | C16: =SUM(C8:C15) -> 564.03 | D16: =SUM(D8:D15) -> 463.08 | E16: =SUM(E8:E15) -> 477.6313 | F16: =SUM(F8:F15) -> 459.2 | G16: =SUM(G8:G15) -> 495.97 | H16: =SUM(H8:H15) -> 595.66 | I16: =SUM(I8:I15) -> 1471.25 | ... M16: =SUM(M8:M15) -> 1317.55 | N16: =SUM(B16:M16) -> 7730.1213 | O16: =SUM(B16:M16)/10 -> 773.01213
A18: TOTAL | B18: =Enero!AG20 -> 1116.11 | C18: =Febrero!AE20 -> 1412.68 | D18: =Marzo!AG20 -> 1932.43 | E18: =Abril!AG20 -> 2041.1287 | F18: =Mayo!AG20 -> 2068.9287 | G18: =Junio!AG20 -> 2472.8387 | H18: =Julio!AG20 -> 3320.0687 | I18: =Agosto!AG20 -> 3811.1587 | J18: =Septiembre!AF20 -> 3532.5887 | K18: =Octubre!AG20 -> 3350.9787 | L18: =Noviembre!AF20 -> 3328.8087 | M18: =Diciembre!AG20 -> 2938.8587 | N18: AÑO | O18: MES
A19: AHORROS | B19: =B5-B16 -> 128.62 | C19: =C5-C16 -> 296.57 | D19: =D5-D16 -> 519.75 | E19: =E5-E16 -> 103.6987 | F19: =F5-F16 -> 27.8 | G19: =G5-G16 -> 390.31 | H19: =H5-H16 -> 847.23 | I19: =I5-I16 -> 491.09 | ... O19: =O5-O16 -> 32.228703

Sheet Enero
C2: Lunes | D2: martes | E2: miércoles | F2: jueves | G2: viernes | H2: sábado | I2: domingo | J2: lunes | K2: martes | L2: miércoles | M2: jueves | N2: viernes | O2: sábado | P2: domingo | Q2: lunes | R2: martes | S2: miércoles | T2: jueves | U2: viernes | V2: sábado | W2: domingo | X2: lunes | Y2: martes | Z2: miércoles | AA2: jueves | AB2: viernes | AC2: sábado | AD2: domingo | AE2: lunes | AF2: martes | AG2: miércoles
B3: 0 | C3: 1 | D3: 2 | E3: 3 | F3: 4 | G3: 5 | H3: 6 | I3: 7 | J3: 8 | K3: 9 | L3: 10 | M3: 11 | N3: 12 | O3: 13 | P3: 14 | Q3: 15 | R3: 16 | S3: 17 | T3: 18 | U3: 19 | V3: 20 | W3: 21 | X3: 22 | Y3: 23 | Z3: 24 | AA3: 25 | AB3: 26 | AC3: 27 | AD3: 28 | AE3: 29 | AF3: 30 | AG3: 31
A4: Ingresos | B4: Ingreso | C4: 1 | E4: 50 | F4: 180 | J4: 50 | Q4: 50 | AD4: 50 | AF4: =3.6+6+3 -> 12.6 | AH4: =SUM(C4:AG4) -> 393.6
A5: TOTAL | C5: =C4 -> 1 | D5: =D4 | E5: =E4 -> 50 | F5: =F4 -> 180 | G5: =G4 | H5: =H4 | I5: =I4 | J5: =J4 -> 50 | ... AH5: =AH4 -> 393.6
A7: Gastos | B7: Comida | C7: 2 | J7: 1.4 | L7: =1.4+4.5 -> 5.9 | M7: 1.4 | N7: =1.4+2.5 -> 3.9 | Q7: 1.4 | R7: 1.4 | S7: 3.9 | U7: =3.59+1.5 -> 5.09 | Y7: =1.4*2 -> 2.8 | Z7: =0.65+1.5 -> 2.15 | AA7: =1.65+1.4 -> 3.05 | AB7: =1.4+1.5 -> 2.9 | AE7: =1.4+1.5 -> 2.9 | AF7: 1.4 | AG7: =1.4+2.5 -> 3.9 | AH7: =SUM(C7:AG7) -> 45.49
B8: Ropa | X8: =6.99+26.09 -> 33.08 | AH8: =SUM(C8:AG8) -> 33.08
B9: Entretenimiento | AH9: =SUM(C9:AG9) -> 0
B10: Tecnología | C10: 2.49 | M10: 2.99 | Z10: 17.99 | AD10: 10.73 | AG10: 2.49 | AH10: =SUM(C10:AG10) -> 36.69
B11: Coche | J11: 30 | X11: 30 | AH11: =SUM(C11:AG11) -> 60
B12: Moto | AH12: =SUM(C12:AG12) -> 0
B13: Piezas/Recambios | L13: 58.44 | AD13: =16.14+1.57*2 -> 19.28 | AH13: =SUM(C13:AG13) -> 77.72
B14: Salud | S14: 12 | AH14: =SUM(C14:AG14) -> 12
A15: TOTAL | C15: =C7+C8+C9+C10+C11+C12+C13+C14 -> 4.49 | D15: =D7+D8+D9+D10+D11+D12+D13+D14 -> 0 | E15: =E7+E8+E9+E10+E11+E12+E13+E14 -> 0 | F15: =F7+F8+F9+F10+F11+F12+F13+F14 -> 0 | G15: =G7+G8+G9+G10+G11+G12+G13+G14 -> 0 | H15: =H7+H8+H9+H10+H11+H12+H13+H14 -> 0 | I15: =I7+I8+I9+I10+I11+I12+I13+I14 -> 0 | J15: =J7+J8+J9+J10+J11+J12+J13+J14 -> 31.4 | ... AG15: =AG7+AG8+AG9+AG10+AG11+AG12+AG13+AG14 -> 6.39 | AH15: =SUM(C15:AG15) -> 264.98
AH19: AHORRADO
A20: Ahorros | B20: =304.49+50+30+3+600 -> 987.49 | C20: =C5-C15+B20 -> 984 | D20: =D5-D15+C20 -> 984 | E20: =E5-E15+D20 -> 1034 | F20: =F5-F15+E20 -> 1214 | G20: =G5-G15+F20 -> 1214 | H20: =H5-H15+G20 -> 1214 | I20: =I5-I15+H20 -> 1214 | J20: =J5-J15+I20 -> 1232.6 | ... AG20: =AG5-AG15+AF20 -> 1116.11 | AH20: =AH5-AH15 -> 128.62
A23: AHORRADO | B23: =AH20 -> 128.62

Sheet Febrero
B3: 0 | C3: 1 | D3: 2 | E3: 3 | F3: 4 | G3: 5 | H3: 6 | I3: 7 | J3: 8 | K3: 9 | L3: 10 | M3: 11 | N3: 12 | O3: 13 | P3: 14 | Q3: 15 | R3: 16 | S3: 17 | T3: 18 | U3: 19 | V3: 20 | W3: 21 | X3: 22 | Y3: 23 | Z3: 24 | AA3: 25 | AB3: 26 | AC3: 27 | AD3: 28 | AE3: 29
A4: Ingresos | B4: Ingreso | F4: 50 | L4: 50 | O4: 180 | P4: 375 | S4: 50 | Z4: =3+3+3.6+90 -> 99.6 | AA4: 6 | AB4: 50 | AF4: =SUM(C4:AE4) -> 860.6
A5: TOTAL | C5: =C4 | D5: =D4 | E5: =E4 | F5: =F4 -> 50 | G5: =G4 | H5: =H4 | I5: =I4 | J5: =J4 | ... AD5: =AD4 | AF5: =AF4 -> 860.6
A7: Gastos | B7: Comida | C7: 1.4 | D7: =1.4+3.9 -> 5.3 | G7: 1.4 | H7: =2.5+1.4 -> 3.9 | I7: =1.4+2.5 -> 3.9 | J7: 1.35 | K7: 1.4 | L7: 16 | R7: =4.6-2.3 -> 2.3 | U7: =1.35+1.4 -> 2.75 | V7: 1.4 | W7: 1.4 | X7: =1.4+4.9 -> 6.3 | Y7: 1.4 | AB7: 1.4 | AC7: 1.4 | AD7: 1.4 | AF7: =SUM(C7:AE7) -> 54.4
B8: Ropa | AD8: 42.15 | AF8: =SUM(C8:AE8) -> 42.15
B9: Entretenimiento | C9: 65 | I9: 14 | L9: =15+16+8 -> 39 | N9: 5.3 | O9: =15-7.5+3.5 -> 11 | R9: 8 | S9: 4.95 | AE9: 6.99 | AF9: =SUM(C9:AE9) -> 154.24
B10: Tecnología | O10: 2.99 | P10: 12.99 | S10: 17.41 | W10: 70.74 | Z10: 17.99 | AF10: =SUM(C10:AE10) -> 122.12
B11: Coche | J11: 30 | S11: 35 | AE11: 30 | AF11: =SUM(C11:AE11) -> 95
B12: Moto | V12: 19.81 | AF12: =SUM(C12:AE12) -> 19.81
B13: Piezas/Recambios | P13: 10.34 | Z13: 53.97 | AF13: =SUM(C13:AE13) -> 64.31
B14: Salud | V14: 12 | AF14: =SUM(C14:AE14) -> 12
A15: TOTAL | C15: =C7+C8+C9+C10+C11+C12+C13+C14 -> 66.4 | D15: =D7+D8+D9+D10+D11+D12+D13+D14 -> 5.3 | E15: =E7+E8+E9+E10+E11+E12+E13+E14 -> 0 | F15: =F7+F8+F9+F10+F11+F12+F13+F14 -> 0 | G15: =G7+G8+G9+G10+G11+G12+G13+G14 -> 1.4 | H15: =H7+H8+H9+H10+H11+H12+H13+H14 -> 3.9 | I15: =I7+I8+I9+I10+I11+I12+I13+I14 -> 17.9 | J15: =J7+J8+J9+J10+J11+J12+J13+J14 -> 31.35 | ... AE15: =AE7+AE8+AE9+AE10+AE11+AE12+AE13+AE14 -> 36.99 | AF15: =SUM(C15:AE15) -> 564.03
AF19: AHORRADO
A20: Ahorros | B20: =Anual!B18 -> 1116.11 | C20: =C5-C15+B20 -> 1049.71 | D20: =D5-D15+C20 -> 1044.41 | E20: =E5-E15+D20 -> 1044.41 | F20: =F5-F15+E20 -> 1094.41 | G20: =G5-G15+F20 -> 1093.01 | H20: =H5-H15+G20 -> 1089.11 | I20: =I5-I15+H20 -> 1071.21 | J20: =J5-J15+I20 -> 1039.86 | ... AE20: =AE5-AE15+AD20 -> 1412.68 | AF20: =AF5-AF15 -> 296.57
A23: AHORRADO | B23: =AF20 -> 296.57

Sheet Marzo
B3: 0 | C3: 1 | D3: 2 | E3: 3 | F3: 4 | G3: 5 | H3: 6 | I3: 7 | J3: 8 | K3: 9 | L3: 10 | M3: 11 | N3: 12 | O3: 13 | P3: 14 | Q3: 15 | R3: 16 | S3: 17 | T3: 18 | U3: 19 | V3: 20 | W3: 21 | X3: 22 | Y3: 23 | Z3: 24 | AA3: 25 | AB3: 26 | AC3: 27 | AD3: 28 | AE3: 29 | AF3: 30 | AG3: 31
A4: Ingresos | B4: Ingreso | E4: 50 | H4: 180 | L4: 50 | S4: 50 | W4: =3+3+3+478.12 -> 487.12 | Y4: 44.71 | Z4: 45 | AC4: 50 | AD4: 6 | AG4: 20 | AH4: =SUM(C4:AG4) -> 982.83
A5: TOTAL | C5: =C4 | D5: =D4 | E5: =E4 -> 50 | F5: =F4 | G5: =G4 | H5: =H4 -> 180 | I5: =I4 | J5: =J4 | ... AH5: =AH4 -> 982.83
A7: Gastos | B7: Comida | C7: 1.4 | D7: =2.75+17.1+3.38+12 -> 35.23 | F7: 1.4 | G7: 1.4 | H7: 1.4 | I7: 1.4 | J7: =8+7.2+7+1.5 -> 23.7 | M7: 4.35 | N7: 1.4 | O7: 1.4 | P7: =1.4*2 -> 2.8 | Q7: 1.4 | R7: 21.5 | T7: 1.4 | V7: 1.4 | Y7: 18 | AB7: 20 | AH7: =SUM(C7:AG7) -> 139.58
B8: Ropa | AH8: =SUM(C8:AG8) -> 0
B9: Entretenimiento | G9: 6.99 | K9: =4.99*2+7 -> 16.98 | Q9: 11.99 | AF9: =24.8-12.5 -> 12.3 | AH9: =SUM(C9:AG9) -> 48.26
B10: Tecnología | D10: 2.49 | V10: 11.99 | AB10: 17.99 | AD10: =81.82-42.76 -> 39.06 | AH10: =SUM(C10:AG10) -> 71.53
B11: Coche | D11: 3.65 | N11: 30 | W11: =30+1.99 -> 31.99 | AH11: =SUM(C11:AG11) -> 65.64
B12: Moto | Z12: 17.27 | AH12: =SUM(C12:AG12) -> 17.27
B13: Piezas/Recambios | Y13: =65.15+12.89 -> 78.04 | AD13: 42.76 | AH13: =SUM(C13:AG13) -> 120.8
B14: Salud | AH14: =SUM(C14:AG14) -> 0
A15: TOTAL | C15: =C7+C8+C9+C10+C11+C12+C13+C14 -> 1.4 | D15: =D7+D8+D9+D10+D11+D12+D13+D14 -> 41.37 | E15: =E7+E8+E9+E10+E11+E12+E13+E14 -> 0 | F15: =F7+F8+F9+F10+F11+F12+F13+F14 -> 1.4 | G15: =G7+G8+G9+G10+G11+G12+G13+G14 -> 8.39 | H15: =H7+H8+H9+H10+H11+H12+H13+H14 -> 1.4 | I15: =I7+I8+I9+I10+I11+I12+I13+I14 -> 1.4 | J15: =J7+J8+J9+J10+J11+J12+J13+J14 -> 23.7 | ... AG15: =AG7+AG8+AG9+AG10+AG11+AG12+AG13+AG14 -> 0 | AH15: =SUM(C15:AG15) -> 463.08
AH19: AHORRADO
A20: Ahorros | B20: =Anual!C18 -> 1412.68 | C20: =C5-C15+B20 -> 1411.28 | D20: =D5-D15+C20 -> 1369.91 | E20: =E5-E15+D20 -> 1419.91 | F20: =F5-F15+E20 -> 1418.51 | G20: =G5-G15+F20 -> 1410.12 | H20: =H5-H15+G20 -> 1588.72 | I20: =I5-I15+H20 -> 1587.32 | J20: =J5-J15+I20 -> 1563.62 | ... AG20: =AG5-AG15+AF20 -> 1932.43 | AH20: =AH5-AH15 -> 519.75
A22: AHORRADO | B22: =AH20 -> 519.75

Sheet Abril
C2: Lunes | D2: martes | E2: miércoles | F2: jueves | G2: viernes | H2: sábado | I2: domingo | J2: lunes | K2: martes | L2: miércoles | M2: jueves | N2: viernes | O2: sábado | P2: domingo | Q2: lunes | R2: martes | S2: miércoles | T2: jueves | U2: viernes | V2: sábado | W2: domingo | X2: lunes | Y2: martes | Z2: miércoles | AA2: jueves | AB2: viernes | AC2: sábado | AD2: domingo | AE2: lunes | AF2: martes | AG2: miércoles
B3: 0 | C3: 1 | D3: 2 | E3: 3 | F3: 4 | G3: 5 | H3: 6 | I3: 7 | J3: 8 | K3: 9 | L3: 10 | M3: 11 | N3: 12 | O3: 13 | P3: 14 | Q3: 15 | R3: 16 | S3: 17 | T3: 18 | U3: 19 | V3: 20 | W3: 21 | X3: 22 | Y3: 23 | Z3: 24 | AA3: 25 | AB3: 26 | AC3: 27 | AD3: 28 | AE3: 29 | AF3: 30 | AG3: 31 | AH3: TOTAL
A4: Ingresos | B4: Ingreso | C4: 50 | F4: 180 | I4: 50 | M4: 20 | N4: 20 | P4: 50 | S4: 65 | V4: 20 | W4: 50 | X4: =3+3.6 -> 6.6 | Y4: 3 | Z4: 6 | AA4: 1.2 | AC4: =4.55+1.84+3.14 -> 9.53 | AD4: 50 | AE4: 5 | AH4: =SUM(C4:AD4) -> 581.33
A5: TOTAL | C5: =C4 -> 50 | D5: =D4 | F5: =F4 -> 180 | G5: =G4 | H5: =H4 | I5: =I4 -> 50 | J5: =J4 | K5: =K4 | L5: =L4 | M5: =M4 -> 20 | ... AH5: =AH4 -> 581.33
A7: Gastos | B7: Comida | D7: 1.4 | G7: 28.55 | H7: =9.38+17 -> 26.38 | J7: 1.4 | K7: 1.4 | L7: =1.4*2+0.75 -> 3.55 | M7: 1.4 | N7: 1.4 | Q7: 1.4 | R7: 1.4 | S7: 4.35 | V7: =0.7213 -> 0.7213 | X7: 1.4 | Y7: 1.5 | Z7: 1.4 | AA7: 1.4 | AC7: =5.1+1.4 -> 6.5 | AE7: 5.75 | AF7: =1.4*2 -> 2.8 | AG7: 1.4 | AH7: =SUM(C7:AG7) -> 95.5013
B8: Ropa | P8: 20 | AH8: =SUM(C8:AG8) -> 20
B9: Entretenimiento | G9: 2.7 | T9: 13.37 | Z9: 12.29 | AA9: 11.99 | AB9: 54 | AH9: =SUM(C9:AG9) -> 94.35
B10: Tecnología | R10: 12.99 | T10: =19.46 -> 19.46 | Z10: 17.99 | AH10: =SUM(C10:AG10) -> 50.44
B11: Coche | P11: =6.47+35 -> 41.47 | AF11: 30 | AH11: =SUM(C11:AG11) -> 71.47
B12: Moto | L12: 9.46 | M12: 16.77 | S12: 12.16 | T12: 12.49 | V12: 16.5 | AH12: =SUM(C12:AG12) -> 67.38
B13: Piezas/Recambios | Q13: 10.99 | AE13: 60 | AH13: =SUM(C13:AG13) -> 70.99
B14: Salud | O14: 7.5 | AH14: =SUM(C14:AG14) -> 7.5
A15: TOTAL | C15: =C7+C8+C9+C10+C11+C12+C13+C14 -> 0 | D15: =D7+D8+D9+D10+D11+D12+D13+D14 -> 1.4 | E15: =E7+E8+E9+E10+E11+E12+E13+E14 -> 0 | F15: =F7+F8+F9+F10+F11+F12+F13+F14 -> 0 | G15: =G7+G8+G9+G10+G11+G12+G13+G14 -> 31.25 | H15: =H7+H8+H9+H10+H11+H12+H13+H14 -> 26.38 | I15: =I7+I8+I9+I10+I11+I12+I13+I14 -> 0 | J15: =J7+J8+J9+J10+J11+J12+J13+J14 -> 1.4 | ... AG15: =AG7+AG8+AG9+AG10+AG11+AG12+AG13+AG14 -> 1.4 | AH15: =SUM(C15:AG15) -> 477.6313
AH19: AHORRADO
A20: Ahorros | B20: =Anual!D18 -> 1932.43 | C20: =C5-C15+B20 -> 1982.43 | D20: =D5-D15+C20 -> 1981.03 | E20: =E5-E15+D20 -> 1981.03 | F20: =F5-F15+E20 -> 2161.03 | G20: =G5-G15+F20 -> 2129.78 | H20: =H5-H15+G20 -> 2103.4 | I20: =I5-I15+H20 -> 2153.4 | J20: =J5-J15+I20 -> 2152 | ... AG20: =AG5-AG15+AF20 -> 2041.1287 | AH20: =AH5-AH15 -> 103.6987
A23: AHORRADO | B23: =AH20 -> 103.6987

Sheet Mayo
B2: martes | C2: miércoles | D2: jueves | E2: viernes | F2: sábado | G2: domingo | H2: lunes | I2: martes | J2: miércoles | K2: jueves | L2: viernes | M2: sábado | N2: domingo | O2: lunes | P2: martes | Q2: miércoles | R2: jueves | S2: viernes | T2: sábado | U2: domingo | V2: lunes | W2: martes | X2: miércoles | Y2: jueves | Z2: viernes | AA2: sábado | AB2: domingo | AC2: lunes | AD2: martes | AE2: miércoles | AF2: jueves | AG2: viernes
B3: 0 | C3: 1 | D3: 2 | E3: 3 | F3: 4 | G3: 5 | H3: 6 | I3: 7 | J3: 8 | K3: 9 | L3: 10 | M3: 11 | N3: 12 | O3: 13 | P3: 14 | Q3: 15 | R3: 16 | S3: 17 | T3: 18 | U3: 19 | V3: 20 | W3: 21 | X3: 22 | Y3: 23 | Z3: 24 | AA3: 25 | AB3: 26 | AC3: 27 | AD3: 28 | AE3: 29 | AF3: 30 | AG3: 31
A4: Ingresos | B4: Ingreso | G4: 50 | I4: 180 | N4: 50 | U4: 50 | X4: =20+50 -> 70 | Y4: =3+3 -> 6 | Z4: 10 | AB4: =6+50 -> 56 | AG4: 15 | AH4: =SUM(C4:AG4) -> 487
A5: TOTAL | C5: =C4 | D5: =D4 | E5: =E4 | F5: =F4 | G5: =G4 -> 50 | H5: =H4 | I5: =I4 -> 180 | J5: =J4 | ... AH5: =AH4 -> 487
A7: Gastos | B7: Comida | C7: 1.4 | D7: 1.4 | E7: 1.4 | H7: 1.4 | I7: 1.4 | J7: =1.4*2 -> 2.8 | K7: =9.37+1.4 -> 10.77 | L7: =2.2+4.35 -> 6.55 | M7: 12.4 | O7: 1.4 | P7: 2.8 | Q7: =1.99+1.4 -> 3.39 | R7: 1.4 | S7: 17.9 | T7: 2 | W7: 1.4 | Y7: =1.4+4.8 -> 6.2 | AC7: 1.4 | AD7: 1.4 | AE7: 1.3 | AF7: =1.4*3 -> 4.2 | AG7: =2*1.4+7.7 -> 10.5 | AH7: =SUM(C7:AG7) -> 94.81
B8: Ropa | V8: 29.08 | AG8: 22.95 | AH8: =SUM(C8:AG8) -> 52.03
B9: Entretenimiento | AH9: =SUM(C9:AG9) -> 0
B10: Tecnología | C10: 2.49 | E10: 17.94 | M10: 2.99 | P10: 2.81 | Q10: 12.99 | W10: 4.49 | Z10: =17.99 -> 17.99 | AG10: 2.49 | AH10: =SUM(C10:AG10) -> 64.19
B11: Coche | O11: 30 | W11: 30 | AF11: 30 | AH11: =SUM(C11:AG11) -> 90
B12: Moto | I12: 12.67 | L12: 14.25 | Z12: 13.03 | AC12: 1.5 | AH12: =SUM(C12:AG12) -> 41.45
B13: Piezas/Recambios | J13: 69.98 | P13: 16.1 | AH13: =SUM(C13:AG13) -> 86.08
B14: Salud | K14: 12 | AF14: =6.64+12 -> 18.64 | AH14: =SUM(C14:AG14) -> 30.64
A15: TOTAL | C15: =C7+C8+C9+C10+C11+C12+C13+C14 -> 3.89 | D15: =D7+D8+D9+D10+D11+D12+D13+D14 -> 1.4 | E15: =E7+E8+E9+E10+E11+E12+E13+E14 -> 19.34 | F15: =F7+F8+F9+F10+F11+F12+F13+F14 -> 0 | G15: =G7+G8+G9+G10+G11+G12+G13+G14 -> 0 | H15: =H7+H8+H9+H10+H11+H12+H13+H14 -> 1.4 | I15: =I7+I8+I9+I10+I11+I12+I13+I14 -> 14.07 | J15: =J7+J8+J9+J10+J11+J12+J13+J14 -> 72.78 | ... AG15: =AG7+AG8+AG9+AG10+AG11+AG12+AG13+AG14 -> 35.94 | AH15: =SUM(C15:AG15) -> 459.2
AH19: TOTAL
A20: Ahorros | B20: =Anual!E18 -> 2041.1287 | C20: =C5-C15+B20 -> 2037.2387 | D20: =D5-D15+C20 -> 2035.8387 | E20: =E5-E15+D20 -> 2016.4987 | F20: =F5-F15+E20 -> 2016.4987 | G20: =G5-G15+F20 -> 2066.4987 | H20: =H5-H15+G20 -> 2065.0987 | I20: =I5-I15+H20 -> 2231.0287 | J20: =J5-J15+I20 -> 2158.2487 | ... AG20: =AG5-AG15+AF20 -> 2068.9287 | AH20: =AH5-AH15 -> 27.8
A23: AHORRADO | B23: =AH20 -> 27.8

Sheet Junio
B3: 0 | C3: 1 | D3: 2 | E3: 3 | F3: 4 | G3: 5 | H3: 6 | I3: 7 | J3: 8 | K3: 9 | L3: 10 | M3: 11 | N3: 12 | O3: 13 | P3: 14 | Q3: 15 | R3: 16 | S3: 17 | T3: 18 | U3: 19 | V3: 20 | W3: 21 | X3: 22 | Y3: 23 | Z3: 24 | AA3: 25 | AB3: 26 | AC3: 27 | AD3: 28 | AE3: 29 | AF3: 30 | AG3: 31
A4: Ingresos | B4: Ingreso | D4: 50 | E4: 3.6 | F4: 180 | K4: 50 | N4: 30 | R4: 50 | W4: 20 | Z4: 6 | AA4: 6 | AC4: =50+440.68 -> 490.68 | AE4: 10 | AF4: 3.6 | AH4: =SUM(C4:AD4) -> 886.28
A5: TOTAL | C5: =C4 | D5: =D4 -> 50 | E5: =E4 -> 3.6 | F5: =F4 -> 180 | G5: =G4 | H5: =H4 | I5: =I4 | J5: =J4 | ... AH5: =AH4 -> 886.28
A7: Gastos | B7: Comida | C7: 24 | E7: 1.4 | F7: =1.4+2.3 -> 3.7 | G7: =3.58+2.8 -> 6.38 | H7: 1.4 | M7: =2*1.4 -> 2.8 | W7: 1.3 | Y7: 4.7 | Z7: =2.9+22.8 -> 25.7 | AA7: =1.9+5.84+13.9+1.4+1.5 -> 24.54 | AB7: 2.6 | AC7: 5.8 | AF7: =3*3 -> 9 | AH7: =SUM(C7:AG7) -> 113.32
B8: Ropa | S8: 54.45 | AB8: 4.57 | AH8: =SUM(C8:AG8) -> 59.02
B9: Entretenimiento | AE9: 6.2 | AH9: =SUM(C9:AG9) -> 6.2
B10: Tecnología | M10: 26.68 | N10: 2.99 | P10: 12.99 | U10: 22.81 | V10: 1 | Y10: =59.92+11.52 -> 71.44 | AB10: =1.02+17.99 -> 19.01 | AH10: =SUM(C10:AG10) -> 156.92
B11: Coche | G11: 2 | M11: 10 | AE11: 25 | AH11: =SUM(C11:AG11) -> 37
B12: Moto | F12: 14.91 | L12: 10.66 | W12: 11.02 | Z12: 14.3 | AF12: 11.43 | AH12: =SUM(C12:AG12) -> 62.32
B13: Piezas/Recambios | S13: =2.93+2.54 -> 5.47 | AH13: =SUM(C13:AG13) -> 5.47
B14: Salud | S14: 12 | T14: =35+48-50 -> 33 | Z14: 1 | AG14: 9.72 | AH14: =SUM(C14:AG14) -> 55.72
A15: TOTAL | C15: =C7+C8+C9+C10+C11+C12+C13+C14 -> 24 | D15: =D7+D8+D9+D10+D11+D12+D13+D14 -> 0 | E15: =E7+E8+E9+E10+E11+E12+E13+E14 -> 1.4 | F15: =F7+F8+F9+F10+F11+F12+F13+F14 -> 18.61 | G15: =G7+G8+G9+G10+G11+G12+G13+G14 -> 8.38 | H15: =H7+H8+H9+H10+H11+H12+H13+H14 -> 1.4 | I15: =I7+I8+I9+I10+I11+I12+I13+I14 -> 0 | J15: =J7+J8+J9+J10+J11+J12+J13+J14 -> 0 | ... AG15: =AG7+AG8+AG9+AG10+AG11+AG12+AG13+AG14 -> 9.72 | AH15: =SUM(C15:AG15) -> 495.97
AH19: TOTAL
A20: Ahorros | B20: =Anual!F18 -> 2068.9287 | C20: =C5-C15+B20 -> 2044.9287 | D20: =D5-D15+C20 -> 2094.9287 | E20: =E5-E15+D20 -> 2097.1287 | F20: =F5-F15+E20 -> 2258.5187 | G20: =G5-G15+F20 -> 2250.1387 | H20: =H5-H15+G20 -> 2248.7387 | I20: =I5-I15+H20 -> 2248.7387 | J20: =J5-J15+I20 -> 2248.7387 | ... AG20: =AG5-AG15+AF20 -> 2472.8387 | AH20: =AH5-AH15 -> 390.31
A23: AHORRADO | B23: =AH20 -> 390.31
L50: =L44*2/22*6 -> 0

Sheet Julio
B3: 0 | C3: 1 | D3: 2 | E3: 3 | F3: 4 | G3: 5 | H3: 6 | I3: 7 | J3: 8 | K3: 9 | L3: 10 | M3: 11 | N3: 12 | O3: 13 | P3: 14 | Q3: 15 | R3: 16 | S3: 17 | T3: 18 | U3: 19 | V3: 20 | W3: 21 | X3: 22 | Y3: 23 | Z3: 24 | AA3: 25 | AB3: 26 | AC3: 27 | AD3: 28 | AE3: 29 | AF3: 30 | AG3: 31
A4: Ingresos | B4: Ingreso | E4: 50 | F4: 50 | K4: 50 | O4: 20 | S4: =50+6 -> 56 | X4: 6 | Y4: 50 | Z4: 6 | AD4: 50 | AE4: 107 | AF4: 989.13 | AG4: 8.76 | AH4: =SUM(C4:AG4) -> 1442.89
A5: TOTAL | C5: =C4 | D5: =D4 | E5: =E4 -> 50 | F5: =F4 -> 50 | G5: =G4 | H5: =H4 | I5: =I4 | J5: =J4 | ... AH5: =AH4 -> 1442.89
A7: Gastos | B7: Comida | K7: =4.35+21 -> 25.35 | M7: 6.19 | P7: =27.6-3.5 -> 24.1 | Q7: =3.3 -> 3.3 | S7: 7 | U7: =152.3-37.5-18-34-34.5 -> 28.3 | V7: 8.5 | X7: =4.18-2 -> 2.18 | Z7: 2.5 | AH7: =SUM(C7:AG7) -> 107.42
B8: Ropa | C8: 77.48 | E8: =60.85-29.99 -> 30.86 | AH8: =SUM(C8:AG8) -> 108.34
B9: Entretenimiento | K9: 5.95 | L9: =5+0.52 -> 5.52 | AH9: =SUM(C9:AG9) -> 11.47
B10: Tecnología | C10: 2.49 | E10: 5 | N10: 2.99 | R10: 12.99 | S10: 24.68 | Z10: 17.99 | AG10: 2.49 | AH10: =SUM(C10:AG10) -> 68.63
B11: Coche | C11: 0.55 | K11: 30 | L11: 30 | U11: =2 -> 2 | V11: =30-7-3.5 -> 19.5 | AH11: =SUM(C11:AG11) -> 82.05
B12: Moto | W12: 15.45 | AH12: =SUM(C12:AG12) -> 15.45
B13: Piezas/Recambios | O13: 202.3 | AH13: =SUM(C13:AG13) -> 202.3
B14: Salud | AH14: =SUM(C14:AG14) -> 0
A15: TOTAL | C15: =C7+C8+C9+C10+C11+C12+C13+C14 -> 80.52 | D15: =D7+D8+D9+D10+D11+D12+D13+D14 -> 0 | E15: =E7+E8+E9+E10+E11+E12+E13+E14 -> 35.86 | F15: =F7+F8+F9+F10+F11+F12+F13+F14 -> 0 | G15: =G7+G8+G9+G10+G11+G12+G13+G14 -> 0 | H15: =H7+H8+H9+H10+H11+H12+H13+H14 -> 0 | I15: =I7+I8+I9+I10+I11+I12+I13+I14 -> 0 | J15: =J7+J8+J9+J10+J11+J12+J13+J14 -> 0 | ... AG15: =AG7+AG8+AG9+AG10+AG11+AG12+AG13+AG14 -> 2.49 | AH15: =SUM(C15:AG15) -> 595.66
AH19: TOTAL
A20: Ahorros | B20: =Anual!G18 -> 2472.8387 | C20: =C5-C15+B20 -> 2392.3187 | D20: =D5-D15+C20 -> 2392.3187 | E20: =E5-E15+D20 -> 2406.4587 | F20: =F5-F15+E20 -> 2456.4587 | G20: =G5-G15+F20 -> 2456.4587 | H20: =H5-H15+G20 -> 2456.4587 | I20: =I5-I15+H20 -> 2456.4587 | J20: =J5-J15+I20 -> 2456.4587 | ... AG20: =AG5-AG15+AF20 -> 3320.0687 | AH20: =AH5-AH15 -> 847.23
A23: AHORRADO | B23: =AH20 -> 847.23
Y24: 130

Sheet Agosto
B3: 0 | C3: 1 | D3: 2 | E3: 3 | F3: 4 | G3: 5 | H3: 6 | I3: 7 | J3: 8 | K3: 9 | L3: 10 | M3: 11 | N3: 12 | O3: 13 | P3: 14 | Q3: 15 | R3: 16 | S3: 17 | T3: 18 | U3: 19 | V3: 20 | W3: 21 | X3: 22 | Y3: 23 | Z3: 24 | AA3: 25 | AB3: 26 | AC3: 27 | AD3: 28 | AE3: 29 | AF3: 30 | AG3: 31
A4: Ingresos | B4: Ingreso | G4: 50 | N4: 7.2 | R4: 50 | T4: 2 | W4: =4.11*2 -> 8.22 | Y4: 50 | AC4: 27.62 | AD4: 1767.3 | AH4: =SUM(C4:AG4) -> 1962.34
A5: TOTAL | C5: =C4 | D5: =D4 | E5: =E4 | F5: =F4 | G5: =G4 -> 50 | H5: =H4 | I5: =I4 | J5: =J4 | ... AH5: =AH4 -> 1962.34
A7: Gastos | B7: Comida | E7: =7.5+1.5 -> 9 | F7: 2.3 | H7: =4.88+9.21 -> 14.09 | L7: 9.5 | R7: 20 | S7: 5.8 | W7: =12.95+3.2 -> 16.15 | X7: 16.5 | AB7: =7.38+7.55 -> 14.93 | AD7: 21.5 | AH7: =SUM(C7:AG7) -> 129.77
B8: Ropa | X8: =29.95+30.09 -> 60.04 | AF8: 35.75 | AH8: =SUM(C8:AG8) -> 95.79
B9: Entretenimiento | P9: 82.57 | W9: =4.01+2.99+6 -> 13 | Y9: 10.28 | AH9: =SUM(C9:AG9) -> 105.85
B10: Tecnología | O10: 2.99 | P10: 12.99 | Y10: 17.99 | AH10: =SUM(C10:AG10) -> 33.97
B11: Coche | E11: 30 | P11: 30 | W11: =2.99+1.45 -> 4.44 | X11: =30+2.86 -> 32.86 | AD11: 30 | AH11: =SUM(C11:AG11) -> 127.3
B12: Moto | I12: 11.08 | Q12: 9.34 | S12: 11.91 | AE12: 12.08 | AH12: =SUM(C12:AG12) -> 44.41
B13: Piezas/Recambios | H13: 25.27 | K13: 738.42 | W13: =108.56 -> 108.56 | AH13: =SUM(C13:AG13) -> 872.25
B14: Salud | E14: 13 | X14: 48.91 | AH14: =SUM(C14:AG14) -> 61.91
A15: TOTAL | C15: =C7+C8+C9+C10+C11+C12+C13+C14 -> 0 | D15: =D7+D8+D9+D10+D11+D12+D13+D14 -> 0 | E15: =E7+E8+E9+E10+E11+E12+E13+E14 -> 52 | F15: =F7+F8+F9+F10+F11+F12+F13+F14 -> 2.3 | G15: =G7+G8+G9+G10+G11+G12+G13+G14 -> 0 | H15: =H7+H8+H9+H10+H11+H12+H13+H14 -> 39.36 | I15: =I7+I8+I9+I10+I11+I12+I13+I14 -> 11.08 | J15: =J7+J8+J9+J10+J11+J12+J13+J14 -> 0 | ... AG15: =AG7+AG8+AG9+AG10+AG11+AG12+AG13+AG14 -> 0 | AH15: =SUM(C15:AG15) -> 1471.25
AH19: TOTAL
A20: Ahorros | B20: =Anual!H18 -> 3320.0687 | C20: =C5-C15+B20 -> 3320.0687 | D20: =D5-D15+C20 -> 3320.0687 | E20: =E5-E15+D20 -> 3268.0687 | F20: =F5-F15+E20 -> 3265.7687 | G20: =G5-G15+F20 -> 3315.7687 | H20: =H5-H15+G20 -> 3276.4087 | I20: =I5-I15+H20 -> 3265.3287 | J20: =J5-J15+I20 -> 3265.3287 | ... AG20: =AG5-AG15+AF20 -> 3811.1587 | AH20: =AH5-AH15 -> 491.09
A23: AHORRADO | B23: =AH20 -> 491.09

Sheet Septiembre
B3: 0 | C3: 1 | D3: 2 | E3: 3 | F3: 4 | G3: 5 | H3: 6 | I3: 7 | J3: 8 | K3: 9 | L3: 10 | M3: 11 | N3: 12 | O3: 13 | P3: 14 | Q3: 15 | R3: 16 | S3: 17 | T3: 18 | U3: 19 | V3: 20 | W3: 21 | X3: 22 | Y3: 23 | Z3: 24 | AA3: 25 | AB3: 26 | AC3: 27 | AD3: 28 | AE3: 29 | AF3: 30 | AG3: 31
A4: Ingresos | B4: Ingreso | H4: 50 | N4: 50 | S4: 107.57 | V4: =50 -> 50 | W4: 12 | X4: 0.25 | AE4: 50 | AF4: 3.6 | AH4: =SUM(C4:AG4) -> 323.42
A5: TOTAL | C5: =C4 | D5: =D4 | E5: =E4 | F5: =F4 | G5: =G4 | H5: =H4 -> 50 | I5: =I4 | J5: =J4 | ... O5: =O4 | Q5: =Q4 | R5: =R4 | S5: =S4 -> 107.57 | T5: =T4 | U5: =U4 | V5: =V4 -> 50 | W5: =W4 -> 12 | X5: =X4 -> 0.25 | ... AH5: =AH4 -> 323.42
A7: Gastos | B7: Comida | E7: 5.8 | H7: 5.4 | J7: 7.2 | L7: 4 | N7: 1.4 | O7: =1.4*3+14 -> 18.2 | R7: =5+1.4 -> 6.4 | S7: 1.4 | T7: =13.63+1.4 -> 15.03 | U7: =1.4+1.5 -> 2.9 | X7: 42 | Y7: 1.4 | Z7: 1.4 | AA7: 3 | AB7: 1.4 | AC7: 2.8 | AD7: 5.8 | AF7: 2.8 | AH7: =SUM(C7:AG7) -> 128.33
B8: Ropa | C8: 20 | O8: 159.07 | AH8: =SUM(C8:AG8) -> 179.07
B9: Entretenimiento | L9: =35.75+15.97 -> 51.72 | R9: 3.28 | T9: 10.39 | U9: 15 | W9: 89.99 | AH9: =SUM(C9:AG9) -> 170.38
B10: Tecnología | C10: 2.48 | M10: 2.99 | P10: 12.99 | AA10: =1.99+17.99 -> 19.98 | AH10: =SUM(C10:AG10) -> 38.44
B11: Coche | D11: 1 | K11: 30 | L11: 0.25 | S11: 30 | X11: 8.2 | AH11: =SUM(C11:AG11) -> 69.45
B12: Moto | R12: 9.68 | AH12: =SUM(C12:AG12) -> 9.68
B13: Piezas/Recambios | AH13: =SUM(C13:AG13) -> 0
B14: Salud | F14: 6.64 | AH14: =SUM(C14:AG14) -> 6.64
A15: TOTAL | C15: =C7+C8+C9+C10+C11+C12+C13+C14 -> 22.48 | D15: =D7+D8+D9+D10+D11+D12+D13+D14 -> 1 | E15: =E7+E8+E9+E10+E11+E12+E13+E14 -> 5.8 | F15: =F7+F8+F9+F10+F11+F12+F13+F14 -> 6.64 | G15: =G7+G8+G9+G10+G11+G12+G13+G14 -> 0 | H15: =H7+H8+H9+H10+H11+H12+H13+H14 -> 5.4 | I15: =I7+I8+I9+I10+I11+I12+I13+I14 -> 0 | J15: =J7+J8+J9+J10+J11+J12+J13+J14 -> 7.2 | ... AG15: =AG7+AG8+AG9+AG10+AG11+AG12+AG13+AG14 -> 0 | AH15: =SUM(C15:AG15) -> 601.99
AH19: TOTAL
A20: Ahorros | B20: =Anual!I18 -> 3811.1587 | C20: =C5-C15+B20 -> 3788.6787 | D20: =D5-D15+C20 -> 3787.6787 | E20: =E5-E15+D20 -> 3781.8787 | F20: =F5-F15+E20 -> 3775.2387 | G20: =G5-G15+F20 -> 3775.2387 | H20: =H5-H15+G20 -> 3819.8387 | I20: =I5-I15+H20 -> 3819.8387 | J20: =J5-J15+I20 -> 3812.6387 | ... AG20: =AG5-AG15+AF20 -> 3532.5887 | AH20: =AH5-AH15 -> -278.57
A23: AHORRADO | B23: =AH20 -> -278.57

Sheet Octubre
C2: martes | D2: miércoles | E2: jueves | F2: viernes | G2: sábado | H2: domingo | I2: lunes | J2: martes | K2: miércoles | L2: jueves | M2: viernes | N2: sábado | O2: domingo | P2: lunes | Q2: martes | R2: miércoles | S2: jueves | T2: viernes | U2: sábado | V2: domingo | W2: lunes | X2: martes | Y2: miércoles | Z2: jueves | AA2: viernes | AB2: sábado | AC2: domingo | AD2: lunes | AE2: martes | AF2: miércoles | AG2: Jueves
B3: 0 | C3: 1 | D3: 2 | E3: 3 | F3: 4 | G3: 5 | H3: 6 | I3: 7 | J3: 8 | K3: 9 | L3: 10 | M3: 11 | N3: 12 | O3: 13 | P3: 14 | Q3: 15 | R3: 16 | S3: 17 | T3: 18 | U3: 19 | V3: 20 | W3: 21 | X3: 22 | Y3: 23 | Z3: 24 | AA3: 25 | AB3: 26 | AC3: 27 | AD3: 28 | AE3: 29 | AF3: 30 | AG3: 31
A4: Ingresos | B4: Ingreso | E4: =140+40+50 -> 230 | H4: 50 | O4: 50 | V4: 50 | AC4: 50 | AH4: =SUM(C4:AG4) -> 430
A5: TOTAL | C5: =C4 | D5: =D4 | E5: =E4 -> 230 | F5: =F4 | G5: =G4 | H5: =H4 -> 50 | I5: =I4 | J5: =J4 | ... AH5: =AH4 -> 430
A7: Gastos | B7: Comida | C7: 1.4 | D7: 2.8 | E7: 1.4 | F7: 1.4 | I7: =7.2+1.4 -> 8.6 | J7: 1.4 | K7: 1.4 | L7: 1.4 | M7: 1.4 | N7: =71.85-35.5 -> 36.35 | P7: 1.4 | Q7: 1.4 | R7: 1.4 | S7: 1.4 | T7: =4.9+1.4 -> 6.3 | U7: 4.5 | W7: 2.9 | X7: =1.4+6.17 -> 7.57 | Y7: 1.4 | Z7: 1.4 | AA7: 1.4 | AB7: =24.9-3.5 -> 21.4 | AC7: 8.4 | AD7: 1.4 | AE7: 2.8 | AF7: 1.5 | AH7: =SUM(C7:AG7) -> 124.12
B8: Ropa | AH8: =SUM(C8:AG8) -> 0
B9: Entretenimiento | AH9: =SUM(C9:AG9) -> 0
B10: Tecnología | Z10: =17.99-6-3.6-3-3 -> 2.39 | AA10: 1.99 | AH10: =SUM(C10:AG10) -> 4.38
B11: Coche | I11: 30 | N11: 2.05 | U11: =2.05+30 -> 32.05 | AE11: 30 | AH11: =SUM(C11:AG11) -> 94.1
B12: Moto | L12: 13.05 | AH12: =SUM(C12:AG12) -> 13.05
B13: Piezas/Recambios | E13: 234 | M13: 107.96 | AH13: =SUM(C13:AG13) -> 341.96
B14: Salud | L14: 12 | S14: 12 | AG14: 10 | AH14: =SUM(C14:AG14) -> 34
A15: TOTAL | C15: =C7+C8+C9+C10+C11+C12+C13+C14 -> 1.4 | D15: =D7+D8+D9+D10+D11+D12+D13+D14 -> 2.8 | E15: =E7+E8+E9+E10+E11+E12+E13+E14 -> 235.4 | F15: =F7+F8+F9+F10+F11+F12+F13+F14 -> 1.4 | G15: =G7+G8+G9+G10+G11+G12+G13+G14 -> 0 | H15: =H7+H8+H9+H10+H11+H12+H13+H14 -> 0 | I15: =I7+I8+I9+I10+I11+I12+I13+I14 -> 38.6 | J15: =J7+J8+J9+J10+J11+J12+J13+J14 -> 1.4 | ... AG15: =AG7+AG8+AG9+AG10+AG11+AG12+AG13+AG14 -> 10 | AH15: =SUM(C15:AG15) -> 611.61
AH19: AHORRADO
A20: Ahorros | B20: =Anual!J18 -> 3532.5887 | C20: =C5-C15+B20 -> 3531.1887 | D20: =D5-D15+C20 -> 3528.3887 | E20: =E5-E15+D20 -> 3522.9887 | F20: =F5-F15+E20 -> 3521.5887 | G20: =G5-G15+F20 -> 3521.5887 | H20: =H5-H15+G20 -> 3571.5887 | I20: =I5-I15+H20 -> 3532.9887 | J20: =J5-J15+I20 -> 3531.5887 | ... AG20: =AG5-AG15+AF20 -> 3350.9787 | AH20: =AH5-AH15 -> -181.61
A23: AHORRADO | B23: =AH20 -> -181.61

Sheet Noviembre
C2: viernes | D2: sábado | E2: domingo | F2: lunes | G2: martes | H2: miércoles | I2: jueves | J2: viernes | K2: sábado | L2: domingo | M2: lunes | N2: martes | O2: miércoles | P2: jueves | Q2: viernes | R2: sábado | S2: domingo | T2: lunes | U2: martes | V2: miércoles | W2: jueves | X2: viernes | Y2: sábado | Z2: domingo | AA2: lunes | AB2: martes | AC2: miércoles | AD2: jueves | AE2: viernes | AF2: sábado
B3: 0 | C3: 1 | D3: 2 | E3: 3 | F3: 4 | G3: 5 | H3: 6 | I3: 7 | J3: 8 | K3: 9 | L3: 10 | M3: 11 | N3: 12 | O3: 13 | P3: 14 | Q3: 15 | R3: 16 | S3: 17 | T3: 18 | U3: 19 | V3: 20 | W3: 21 | X3: 22 | Y3: 23 | Z3: 24 | AA3: 25 | AB3: 26 | AC3: 27 | AD3: 28 | AE3: 29 | AF3: 30
A4: Ingresos | B4: Ingreso | E4: 50 | G4: 180 | I4: 5 | L4: 50 | S4: 50 | Z4: 50 | AG4: =SUM(C4:AD4) -> 385
A5: TOTAL | C5: =C4 | D5: =D4 | E5: =E4 -> 50 | F5: =F4 | G5: =G4 -> 180 | H5: =H4 | I5: =I4 -> 5 | J5: =J4 | ... AG5: =AG4 -> 385
A7: Gastos | B7: Comida | D7: 4.3 | E7: 12.6 | F7: =29.9-15+3 -> 17.9 | G7: 1.5 | H7: 1.5 | I7: =40.2-9-12-9.3+1.5 -> 11.4 | J7: 6.1 | K7: =9+2.4 -> 11.4 | M7: =1.4*2 -> 2.8 | N7: 1.5 | O7: 3 | P7: 1.5 | Q7: =1.5+7.5 -> 9 | S7: 5.8 | T7: 1.5 | U7: =5.1-3.6 -> 1.5 | V7: 1.5 | W7: 1.5 | X7: 1.5 | Y7: 29 | AA7: 1.5 | AB7: =2.6+1.5 -> 4.1 | AC7: 1.5 | AD7: =1.5+15.8+6 -> 23.3 | AE7: 1.5 | AF7: =7.78+8.05 -> 15.83 | AG7: =SUM(C7:AF7) -> 174.53
B8: Ropa | AG8: =SUM(C8:AF8) -> 0
B9: Entretenimiento | J9: 65 | K9: =2.3+9.96+0.12 -> 12.38 | AG9: =SUM(C9:AF9) -> 77.38
B10: Tecnología | K10: 2.99 | O10: 11.27 | AA10: 2.3 | AB10: =17.99-3-3-6-3.6+1.99 -> 4.38 | AG10: =SUM(C10:AF10) -> 20.94
B11: Coche | F11: 0.4 | H11: 30 | K11: =15-10 -> 5 | S11: 35 | AE11: 30 | AG11: =SUM(C11:AF11) -> 100.4
B12: Moto | AB12: 12.97 | AG12: =SUM(C12:AF12) -> 12.97
B13: Piezas/Recambios | AG13: =SUM(C13:AF13) -> 0
B14: Salud | Y14: 11 | AD14: 9.95 | AG14: =SUM(C14:AF14) -> 20.95
A15: TOTAL | C15: =C7+C8+C9+C10+C11+C12+C13+C14 -> 0 | D15: =D7+D8+D9+D10+D11+D12+D13+D14 -> 4.3 | E15: =E7+E8+E9+E10+E11+E12+E13+E14 -> 12.6 | F15: =F7+F8+F9+F10+F11+F12+F13+F14 -> 18.3 | G15: =G7+G8+G9+G10+G11+G12+G13+G14 -> 1.5 | H15: =H7+H8+H9+H10+H11+H12+H13+H14 -> 31.5 | I15: =I7+I8+I9+I10+I11+I12+I13+I14 -> 11.4 | J15: =J7+J8+J9+J10+J11+J12+J13+J14 -> 71.1 | ... AF15: =AF7+AF8+AF9+AF10+AF11+AF12+AF13+AF14 -> 15.83 | AG15: =SUM(C15:AF15) -> 407.17
AG19: AHORRADO
A20: Ahorros | B20: =Anual!K18 -> 3350.9787 | C20: =C5-C15+B20 -> 3350.9787 | D20: =D5-D15+C20 -> 3346.6787 | E20: =E5-E15+D20 -> 3384.0787 | F20: =F5-F15+E20 -> 3365.7787 | G20: =G5-G15+F20 -> 3544.2787 | H20: =H5-H15+G20 -> 3512.7787 | I20: =I5-I15+H20 -> 3506.3787 | J20: =J5-J15+I20 -> 3435.2787 | ... AF20: =AF5-AF15+AE20 -> 3328.8087 | AG20: =AG5-AG15 -> -22.17
A23: AHORRADO | B23: =AG20 -> -22.17

Sheet Diciembre
C2: Domingo | D2: lunes | E2: martes | F2: miércoles | G2: jueves | H2: viernes | I2: sábado | J2: domingo | K2: lunes | L2: martes | M2: miércoles | N2: jueves | O2: viernes | P2: sábado | Q2: domingo | R2: lunes | S2: martes | T2: miércoles | U2: jueves | V2: viernes | W2: sábado | X2: domingo | Y2: lunes | Z2: martes | AA2: miércoles | AB2: jueves | AC2: viernes | AD2: sábado | AE2: domingo | AF2: lunes | AG2: martes
B3: 0 | C3: 1 | D3: 2 | E3: 3 | F3: 4 | G3: 5 | H3: 6 | I3: 7 | J3: 8 | K3: 9 | L3: 10 | M3: 11 | N3: 12 | O3: 13 | P3: 14 | Q3: 15 | R3: 16 | S3: 17 | T3: 18 | U3: 19 | V3: 20 | W3: 21 | X3: 22 | Y3: 23 | Z3: 24 | AA3: 25 | AB3: 26 | AC3: 27 | AD3: 28 | AE3: 29 | AF3: 30 | AG3: 31
A4: Ingresos | B4: Ingreso | C4: 50 | E4: 180 | G4: 30 | H4: 50 | J4: 50 | P4: 2 | Q4: 50 | V4: 400 | W4: =3+3+6 -> 12 | X4: 50 | Z4: 3.6 | AF4: 50 | AH4: =SUM(C4:AG4) -> 927.6
A5: TOTAL | C5: =C4 -> 50 | D5: =D4 | E5: =E4 -> 180 | F5: =F4 | G5: =G4 -> 30 | H5: =H4 -> 50 | I5: =I4 | J5: =J4 -> 50 | ... AH5: =AH4 -> 927.6
A7: Gastos | B7: Comida | D7: 1.5 | E7: 1.5 | F7: 1.5 | G7: =3.34+1.5 -> 4.84 | H7: 7.2 | I7: 7.65 | K7: 1.5 | L7: 1.5 | M7: 1.5 | N7: 1.5 | O7: 1.5 | P7: 13.5 | Q7: 23 | R7: =1.4+2.95 -> 4.35 | S7: =4.3+1.4 -> 5.7 | T7: =8+1.5 -> 9.5 | V7: 8.2 | X7: =29.1-15 -> 14.1 | AA7: =37+0.4 -> 37.4 | AB7: 6 | AC7: 20 | AH7: =SUM(C7:AG7) -> 173.44
B8: Ropa | O8: 37.82 | AH8: =SUM(C8:AG8) -> 37.82
B9: Entretenimiento | M9: 28.63 | T9: =10+8.07+8.9 -> 26.97 | V9: =11.45+30 -> 41.45 | Z9: 32.5 | AE9: 4.99 | AH9: =SUM(C9:AG9) -> 134.54
B10: Tecnología | M10: 2.99 | O10: 11.99 | U10: 232.2 | AA10: 17.99 | AC10: 5.99 | AG10: 41.49 | AH10: =SUM(C10:AG10) -> 312.65
B11: Coche | H11: 30 | R11: =30+2 -> 32 | W11: 2.85 | AE11: =32.25 -> 32.25 | AH11: =SUM(C11:AG11) -> 97.1
B12: Moto | AD12: 550 | AH12: =SUM(C12:AG12) -> 550
B13: Piezas/Recambios | AH13: =SUM(C13:AG13) -> 0
B14: Salud | U14: 12 | AH14: =SUM(C14:AG14) -> 12
A15: TOTAL | C15: =C7+C8+C9+C10+C11+C12+C13+C14 -> 0 | D15: =D7+D8+D9+D10+D11+D12+D13+D14 -> 1.5 | E15: =E7+E8+E9+E10+E11+E12+E13+E14 -> 1.5 | F15: =F7+F8+F9+F10+F11+F12+F13+F14 -> 1.5 | G15: =G7+G8+G9+G10+G11+G12+G13+G14 -> 4.84 | H15: =H7+H8+H9+H10+H11+H12+H13+H14 -> 37.2 | I15: =I7+I8+I9+I10+I11+I12+I13+I14 -> 7.65 | J15: =J7+J8+J9+J10+J11+J12+J13+J14 -> 0 | ... AG15: =AG7+AG8+AG9+AG10+AG11+AG12+AG13+AG14 -> 41.49 | AH15: =SUM(C15:AG15) -> 1317.55
AH19: AHORRADO
A20: Ahorros | B20: =Anual!L18 -> 3328.8087 | C20: =C5-C15+B20 -> 3378.8087 | D20: =D5-D15+C20 -> 3377.3087 | E20: =E5-E15+D20 -> 3555.8087 | F20: =F5-F15+E20 -> 3554.3087 | G20: =G5-G15+F20 -> 3579.4687 | H20: =H5-H15+G20 -> 3592.2687 | I20: =I5-I15+H20 -> 3584.6187 | J20: =J5-J15+I20 -> 3634.6187 | ... AG20: =AG5-AG15+AF20 -> 2938.8587 | AH20: =AH5-AH15 -> -389.95
A22: AHORRADO | B22: =AH20 -> -389.95
